peptide_tag,U9913,U85681,U2711,U29159,U6565,U3988,U296,U8040,U83558
ELVSSC_1076.5276,0,0,0,0,0,1,0,0,0
PSVLTLEN_1728.8450,0,0,0,0,0,0,0,0,0
HELPVL_1073.5972,0,0,0,0,0,1,0,0,0
LAQDL_898.4856,0,0,0,0,0,1,0,0,0
DSSCEQYL_1212.5424,0,0,0,0,0,0,0,0,0
QSSCEQYL_1212.5424,0,0,0,0,0,0,0,0,0
CLTTDAN_1206.5520,0,0,0,0,0,1,0,0,0
QMYLS_1359.5894,0,0,0,0,0,1,0,0,0
EELVSS_1134.4950,0,0,0,0,0,0,0,0,0
CPLVSS_1134.4950,0,0,0,0,0,0,0,0,0
ELVSSCGVR_1076.5276,0,0,0,0,0,1,0,0,0
EELVSSC_1077.5290,0,0,0,0,0,0,0,0,0
CPAVSSC_1077.5290,0,0,0,0,0,0,0,0,0
CEALK_1037.4137,0,0,0,0,0,1,0,0,0
CQEYLK_910.4212,0,0,0,0,0,1,0,0,0
LLSCGPASS_1174.5744,0,0,0,0,0,1,0,0,0
LTGWG_900.4442,0,0,0,0,0,0,0,0,0
AQDLP_900.4442,0,0,0,0,0,0,0,0,0
FQGWH_900.4442,0,0,0,0,0,0,0,0,0
EAEVSSC_1077.5290,0,0,0,0,0,0,0,0,0
DLVSS_1106.5368,0,0,0,0,0,1,0,0,0
FQYLE_1171.5308,0,0,0,0,0,1,0,0,0
LEQLA_1012.5648,0,0,0,0,0,1,0,0,0
WLEDCT_1208.5334,0,0,0,0,0,1,0,0,0
DCLTTD_1208.5334,0,0,0,0,0,0,0,0,0
EQQQSQGQLQGQDVFEA_2534.2090,0,0,0,0,0,1,0,0,0
QQEQSQGQLQGQDVFEA_2534.2090,0,0,0,0,0,0,0,0,0
ALQESNQGAFAS_2258.1602,0,0,0,0,0,1,0,0,0
LQESNQGAFASP_2258.1602,0,0,0,0,0,1,0,0,0
LSFSCDLR_939.4466,0,0,0,0,0,0,0,0,0
AEDQLQQGQLHGEE_2229.0254,0,0,0,0,0,1,0,0,0
TDANQLWTLK_1389.6854,0,0,0,0,0,1,0,0,0
DPSVLTLEN_1727.8438,0,0,0,0,0,1,0,0,0
DPSVLTLE_1727.8438,0,0,0,0,0,1,0,0,0
QQVSGQGPR_955.4818,0,0,0,0,0,1,0,0,0
VQKPG_752.4526,0,0,0,0,0,0,0,0,0
QVSGQ_955.4810,0,0,0,0,0,1,0,0,0
LGQEF_1133.5466,0,0,0,0,0,0,0,0,0
CCDHL_1130.5296,0,0,0,0,0,0,0,0,0
SHLTT_1041.5182,0,0,0,0,0,1,0,0,0
EPGHG_884.3798,0,0,0,0,0,0,0,0,0
TSEPK_813.4316,0,0,0,0,0,0,0,0,0
QCHQEF_1289.5516,0,0,0,0,0,1,0,0,0
CSAELEK_922.4044,0,0,0,0,0,1,0,0,0
EESETV_1752.8464,0,0,0,0,0,0,0,0,0
TLAPTS_1086.5755,0,0,0,0,0,0,0,0,0
SAELE_922.4040,0,0,0,0,0,1,0,0,0
SSCER_808.3370,0,0,0,0,0,1,0,0,0
MCSAELEK_909.4029,0,0,0,0,0,0,0,0,0
SGCSAELE_909.4029,0,0,0,0,0,0,0,0,0
VNELYA_963.5366,0,0,0,0,0,0,0,0,0
SSCER_809.3688,0,0,0,0,0,0,0,0,0
LQQCCNQVK_1190.5499,0,0,0,0,0,0,0,0,0
QCEALK_922.3859,0,0,0,0,0,0,0,0,0
DECQCEALK_1420.6395,0,0,0,0,0,0,0,0,0
HLEQMTSQ_1231.5412,0,0,0,0,0,0,0,0,0
ECQCEALK_1420.6422,0,0,0,0,0,0,0,0,0
DCQCEALK_1022.4115,0,0,0,0,0,1,0,0,0
LQQGQLHGEESER_1637.7700,0,0,0,0,0,0,0,0,0
QEYLK_910.4208,0,0,0,0,0,1,0,0,0
HTYVPVTQK_1071.5676,0,0,0,0,0,0,0,0,0
QEYLK_910.4192,0,0,0,0,0,1,0,0,0
LNGAVECDGK_1500.7194,0,0,0,0,0,0,0,0,0
MPGHGT_1452.6174,0,0,0,0,0,0,0,0,0
CDHLK_1636.6523,0,0,0,0,0,0,0,0,0
EMQSQC_1636.6523,0,0,0,0,0,0,0,0,0
EMQSQCR_1636.6523,0,0,0,0,0,0,0,0,0
HGQLQE_1949.9099,0,0,0,0,0,0,0,0,0
HQQSPVVSH_1512.7394,0,0,0,0,0,0,0,0,0
LQQCCNQ_1551.6984,0,0,0,0,0,0,0,0,0
HQLQECCNELK_1343.5931,0,0,0,0,0,1,0,0,0
APSAACCN_1390.6033,0,0,0,0,0,1,0,0,0
QLESAQQMQR_1217.5788,0,0,0,0,0,0,0,0,0
LQECC_1343.5926,0,0,0,0,0,1,0,0,0
AQLQQCCNQ_1462.6569,0,0,0,0,0,0,0,0,0
HGEESER_1251.5426,0,0,0,0,0,0,0,0,0
ECQCEALK_1037.4141,0,0,0,0,0,1,0,0,0
GEESER_1066.4658,0,0,0,0,0,0,0,0,0
CCNEL_708.2907,0,0,0,0,0,0,0,0,0
QLQQCCNQ_1534.6827,0,0,0,0,0,0,0,0,0
HQLQE_1422.5952,0,0,0,0,0,0,0,0,0
TQMGDY_1125.4812,0,0,0,0,0,1,0,0,0
LQEQQNLR_1212.6184,0,0,0,0,0,1,0,0,0
LLSCGPASS_1174.5742,0,0,0,0,0,1,0,0,0
ECCNQ_1350.6081,0,0,0,0,0,0,0,0,0
ETGCQ_1350.6081,0,0,0,0,0,0,0,0,0
LQQCC_1534.6815,0,0,0,0,0,0,0,0,0
ECQCEALK_1037.4124,0,0,0,0,0,1,0,0,0
TNTGT_1302.6864,0,0,0,0,0,1,0,0,0
QMYLSQSSS_1359.5873,0,0,0,0,0,1,0,0,0
LQECCDELK_1344.5849,0,0,0,0,0,0,0,0,0
ECCDELK_1344.5849,0,0,0,0,0,0,0,0,0
LGNNCEFWR_1344.5849,0,0,0,0,0,0,0,0,0
MYLSQSS_1414.6689,0,0,0,0,0,0,0,0,0
QMYLS_1416.6683,0,0,0,0,0,0,0,0,0
CLQANS_1007.4522,0,0,0,0,0,0,0,0,0
LLNQAAPSCP_1197.6136,0,0,0,0,0,1,0,0,0
ESQQLQQCCN_1662.7399,0,0,0,0,0,0,0,0,0
CGCNPCTCPK_1705.5558,0,0,0,0,0,0,0,0,0
LQANS_1007.4492,0,0,0,0,0,0,0,0,0
VSGVTGQNLA_1100.5928,0,0,0,0,0,0,0,0,0
LAQDLPS_898.4862,0,0,0,0,0,1,0,0,0
TCGLTLKP_1117.6120,0,0,0,0,0,1,0,0,0
LLSCGPAD_1202.5684,0,0,0,0,0,0,0,0,0
ECCNE_1400.6147,0,0,0,0,0,0,0,0,0
QDLPS_714.3660,0,0,0,0,0,1,0,0,0
AQDLP_785.4038,0,0,0,0,0,0,0,0,0
AAEPL_881.4594,0,0,0,0,0,0,0,0,0
EESETV_1735.8205,0,0,0,0,0,0,0,0,0
EESETV_1735.8198,0,0,0,0,0,0,0,0,0
AAQDLPD_898.4336,0,0,0,0,0,0,0,0,0
QEYLK_910.4205,0,0,0,0,0,1,0,0,0
QLQQSE_2373.0824,0,0,0,0,0,0,0,0,0
HQLQECCNELK_1343.5921,0,0,0,0,0,1,0,0,0
HELQECCNELK_1343.5921,0,0,0,0,0,0,0,0,0
VSGVTGQ_1100.5928,0,0,0,0,0,0,0,0,0
MLVTGQN_1100.5928,0,0,0,0,0,0,0,0,0
SSCEQY_1496.7380,0,0,0,0,0,0,0,0,0
LLNHVN_1448.7444,0,0,0,0,0,0,0,0,0
QLQQCCNQ_1591.7065,0,0,0,0,0,0,0,0,0
LVSSCGVR_1005.4900,0,0,0,0,0,0,0,0,0
CEQYLR_1496.7342,0,0,0,0,0,0,0,0,0
YPETTQ_1255.5316,0,0,0,0,0,1,0,0,0
ELQQCCNQ_1534.6827,0,0,0,0,0,0,0,0,0
FQYLE_1123.5270,0,0,0,0,0,0,0,0,0
AEDQLR_930.4752,0,0,0,0,0,1,0,0,0
ESQQLQQCCNQ_1790.7995,0,0,0,0,0,0,0,0,0
AEYMA_1521.7213,0,0,0,0,0,0,0,0,0
AEYQC_1521.7213,0,0,0,0,0,0,0,0,0
LLSCGPAS_1174.5742,0,0,0,0,0,1,0,0,0
LSCGPASS_1231.5940,0,0,0,0,0,0,0,0,0
PCSDVVT_1017.5154,0,0,0,0,0,0,0,0,0
AEDQL_1058.5342,0,0,0,0,0,0,0,0,0
QLQQCCNQ_1663.7255,0,0,0,0,0,0,0,0,0
QLQQCCNQ_1635.7327,0,0,0,0,0,0,0,0,0
ELVSSC_1076.5268,0,0,0,0,0,1,0,0,0
ASELVSSCGVR_1106.5350,0,0,0,0,0,1,0,0,0
LVTGGDS_1030.5384,0,0,0,0,0,0,0,0,0
GELVSSC_1133.5466,0,0,0,0,0,0,0,0,0
LVSSC_1076.5248,0,0,0,0,0,1,0,0,0
VGFGSAAPGS_976.4954,0,0,0,0,0,1,0,0,0
VGLPLNQR_1051.6190,0,0,0,0,0,0,0,0,0
LVSSCGVR_1076.5253,0,0,0,0,0,1,0,0,0
YQEVM_1182.5384,0,0,0,0,0,0,0,0,0
PTPVR_1425.6830,0,0,0,0,0,0,0,0,0
SPDPTPVR_1425.6830,0,0,0,0,0,0,0,0,0
LAQDLPS_898.4864,0,0,0,0,0,1,0,0,0
ELPASC_1058.5172,0,0,0,0,0,0,0,0,0
LVNSPD_1058.5172,0,0,0,0,0,0,0,0,0
LSSPATL_1044.5548,0,0,0,0,0,0,0,0,0
AVQEL_1047.4782,0,0,0,0,0,0,0,0,0
CEALK_1463.6463,0,0,0,0,0,0,0,0,0
CGMEPLECK_1008.4071,0,0,0,0,0,0,0,0,0
ELVSS_1137.5514,0,0,0,0,0,0,0,0,0
QNLWR_843.4340,0,0,0,0,0,1,0,0,0
AEDQLR_930.4758,0,0,0,0,0,1,0,0,0
WLQEQQNLR_1213.6234,0,0,0,0,0,0,0,0,0
LLSCGPASS_1174.5732,0,0,0,0,0,1,0,0,0
LLSCGPAS_1174.5732,0,0,0,0,0,1,0,0,0
ELVSS_1104.5212,0,0,0,0,0,0,0,0,0
ESQQLQQCCNQ_1920.8445,0,0,0,0,0,0,0,0,0
NSCGPAAQ_1118.4493,0,0,0,0,0,0,0,0,0
ELVSSC_948.4694,0,0,0,0,0,0,0,0,0
LPNLQAQC_1100.5620,0,0,0,0,0,1,0,0,0
QQCCDQVE_1575.7079,0,0,0,0,0,0,0,0,0
ELVSSCGVR_1076.5268,0,0,0,0,0,1,0,0,0
ELVSSC_1106.5350,0,0,0,0,0,1,0,0,0
LAECQCE_1404.6155,0,0,0,0,0,0,0,0,0
GELVSSCGVR_1133.5466,0,0,0,0,0,0,0,0,0
WMVSCGAPR_1133.5466,0,0,0,0,0,0,0,0,0
QMYLSQSS_1359.5894,0,0,0,0,0,1,0,0,0
LYDCNTAATDA_1413.6158,0,0,0,0,0,0,0,0,0
EVPVAT_855.5058,0,0,0,0,0,0,0,0,0
SPLQL_911.5180,0,0,0,0,0,0,0,0,0
EGDLQ_911.5180,0,0,0,0,0,0,0,0,0
DPLQLQR_910.4892,0,0,0,0,0,0,0,0,0
VEGAQQP_910.4892,0,0,0,0,0,0,0,0,0
QQCCNQVEQ_1575.7297,0,0,0,0,0,0,0,0,0
YQEVMQK_1181.5342,0,0,0,0,0,1,0,0,0
NYQEVMQ_1181.5342,0,0,0,0,0,0,0,0,0
EELVS_1401.7195,0,0,0,0,0,0,0,0,0
AGELV_1401.7195,0,0,0,0,0,0,0,0,0
QQCCNQVEQVR_1574.7255,0,0,0,0,0,1,0,0,0
LLCCNQVEQVR_1574.7255,0,0,0,0,0,0,0,0,0
LAEDLPS_899.4658,0,0,0,0,0,0,0,0,0
CEALK_1369.6102,0,0,0,0,0,0,0,0,0
VFEGTNCNQLK_1251.5898,0,0,0,0,0,0,0,0,0
LVASPDGGSLCK_1145.5716,0,0,0,0,0,1,0,0,0
ETVGV_886.4868,0,0,0,0,0,1,0,0,0
QQCCNQVEQ_1938.7631,0,0,0,0,0,0,0,0,0
ELVSSQ_1042.5388,0,0,0,0,0,0,0,0,0
SPATLN_1042.5388,0,0,0,0,0,0,0,0,0
YADGSLRPQQNR_1403.6862,0,0,0,0,0,0,0,0,0
LPDGSLR_1403.6862,0,0,0,0,0,0,0,0,0
DTAYR_1403.6862,0,0,0,0,0,0,0,0,0
TPEELLR_856.4644,1,0,0,0,1,0,0,0,0
QESQQLQQCCNQ_2104.9259,0,0,0,0,0,0,0,0,0
EVTGWGP_900.4442,0,0,0,0,0,1,0,0,0
VTGWGP_899.4890,0,0,0,0,0,0,0,0,0
ALTGSVG_899.4890,0,0,0,0,0,0,0,0,0
HELPVL_1073.5958,0,0,0,0,0,1,0,0,0
QQCCNQVEQ_1574.7255,0,0,0,0,0,1,0,0,0
LLCCNQVEQ_1574.7255,0,0,0,0,0,0,0,0,0
LPNLQA_1100.5620,0,0,0,0,0,1,0,0,0
QTYVSS_1100.5620,0,0,0,0,0,0,0,0,0
MEPLECK_1008.4061,0,0,0,0,0,0,0,0,0
QCCNQ_1931.8631,0,0,0,0,0,0,0,0,0
QQCCN_1931.8631,0,0,0,0,0,0,0,0,0
LQEQQNLR_1212.6200,0,0,0,0,0,1,0,0,0
LSSCEQYL_1341.6390,0,0,0,0,0,0,0,0,0
DLSSCE_1502.6864,0,0,0,0,0,0,0,0,0
CQEYLK_1848.8762,0,0,0,0,0,0,0,0,0
LSSPATLDSR_1045.5370,0,0,0,0,0,0,0,0,0
QMYLSQSSS_1359.5886,0,0,0,0,0,1,0,0,0
LATCK_1346.5929,0,0,0,0,0,0,0,0,0
ELVSS_1134.5316,0,0,0,0,0,0,0,0,0
LYSLA_909.4916,0,0,0,0,0,0,0,0,0
CQMYLSQSSS_1416.6128,0,0,0,0,0,0,0,0,0
YQEVM_1182.5302,0,0,0,0,0,0,0,0,0
YEEVM_1182.5302,0,0,0,0,0,0,0,0,0
ADVTVCK_949.4972,0,0,0,0,0,0,0,0,0
LSSCE_1097.5146,0,0,0,0,0,0,0,0,0
VFCEQ_1097.5146,0,0,0,0,0,0,0,0,0
LAADDFR_806.3942,0,0,0,0,0,0,0,0,0
YQEVM_1181.5376,0,0,0,0,0,1,0,0,0
QMYLSQSSS_1415.6264,0,0,0,0,0,0,0,0,0
ELVSSC_1583.7048,0,0,0,0,0,0,0,0,0
ELVSS_1583.7048,0,0,0,0,0,0,0,0,0
DESLVAL_1260.6550,0,0,0,0,0,0,0,0,0
DESLVALK_1260.6550,0,0,0,0,0,0,0,0,0
LAEECSSEV_1450.6236,0,0,0,0,0,0,0,0,0
TPEELLR_856.4636,1,0,0,0,1,0,0,0,0
TTFEL_765.4004,0,0,0,0,0,0,0,0,0
VVPVS_811.5164,0,0,0,0,0,1,0,0,0
QLQEQQNLR_1511.7242,0,0,0,0,0,0,0,0,0
HELPVL_1073.5980,0,0,0,0,0,1,0,0,0
CLTSD_1236.5400,0,0,0,0,0,1,0,0,0
TGWGP_882.4346,0,0,0,0,0,0,0,0,0
VFEGTNCDQLK_1252.5732,0,0,0,0,0,0,0,0,0
LAECQCE_1615.6541,0,0,0,0,0,0,0,0,0
LWVDEK_788.4058,0,0,0,0,0,1,0,0,0
EDQLQQGQLHGEE_2066.9684,0,0,0,0,0,0,0,0,0
DQLQQGEHMLMN_2066.9684,0,0,0,0,0,0,0,0,0
LFTDV_991.5078,0,0,0,0,0,0,0,0,0
LVYYDK_1169.6316,0,0,0,0,0,0,0,0,0
LCVDV_874.4330,0,0,0,0,0,1,0,0,0
QGQLHGEE_1620.7474,0,0,0,0,0,0,0,0,0
GLCVDV_874.4330,0,0,0,0,0,1,0,0,0
DLSSCEQYLR_1340.6388,0,0,0,0,0,0,0,0,0
ELLSS_1090.5426,0,0,0,0,0,0,0,0,0
EELVSSC_1077.5302,0,0,0,0,0,0,0,0,0
QELVSSC_1077.5302,0,0,0,0,0,0,0,0,0
DECQCEALK_1403.6149,0,0,0,0,0,0,0,0,0
QMYLSQSS_1359.5938,0,0,0,0,0,1,0,0,0
CLTSD_1234.5494,0,0,0,0,0,0,0,0,0
DNCLTSD_1602.7270,0,0,0,0,0,0,0,0,0
VVAGTN_1678.8870,0,0,0,0,0,0,0,0,0
ESPTE_1521.6881,0,0,0,0,0,0,0,0,0
WCLTSD_1235.5534,0,0,0,0,0,0,0,0,0
ANCLTS_1235.5534,0,0,0,0,0,0,0,0,0
LQEEVPVSK_1255.6268,0,0,0,0,0,0,0,0,0
LQQCC_1831.8751,0,0,0,0,0,0,0,0,0
VELPVL_1077.6078,0,0,0,0,0,0,0,0,0
ELVES_1118.5374,0,0,0,0,0,0,0,0,0
LQEQQNLR_1257.6316,0,0,0,0,0,0,0,0,0
VATVSL_841.5016,0,0,0,0,0,0,0,0,0
LAECQCE_1418.6343,0,0,0,0,0,0,0,0,0
FCQCMM_1418.6343,0,0,0,0,0,0,0,0,0
LVVFT_792.4732,0,0,0,0,0,0,0,0,0
MCLQANS_1170.5178,0,0,0,0,0,0,0,0,0
CLTSD_1237.5888,0,0,0,0,0,0,0,0,0
TTFEL_765.4010,0,0,0,0,0,0,0,0,0
WAAAS_1128.5682,0,0,0,0,0,1,0,0,0
ATFDVV_920.4710,0,0,0,0,0,0,0,0,0
TVTNTA_1639.7794,0,0,0,0,0,0,0,0,0
ELVSS_1520.6911,0,0,0,0,0,0,0,0,0
QCCNQ_1773.7727,0,0,0,0,0,0,0,0,0
DVLVSSC_1077.5302,0,0,0,0,0,0,0,0,0
CLTSD_1236.5390,0,0,0,0,0,1,0,0,0
LQMLSEAA_1017.5270,0,0,0,0,0,0,0,0,0
TPCYVHF_1136.5073,0,0,0,0,0,1,0,0,0
YQEVM_1181.5366,0,0,0,0,0,1,0,0,0
NYQEV_1181.5366,0,0,0,0,0,0,0,0,0
CLTTDAN_1206.5554,0,0,0,0,0,1,0,0,0
WLQEQQN_1213.6230,0,0,0,0,0,0,0,0,0
VLAATSGNS_1361.7152,0,0,0,0,0,0,0,0,0
TPCYVH_1136.5072,0,0,0,0,0,1,0,0,0
VGLPLNQR_895.5240,0,0,0,0,0,1,0,0,0
ASDLVSSCGLR_1106.5392,0,0,0,0,0,1,0,0,0
QMYLSCVMR_1359.5886,0,0,0,0,0,0,0,0,0
PCLDYAK_1054.4810,0,0,0,0,0,0,0,0,0
WSPSE_1090.4852,0,0,0,0,0,0,0,0,0
SGADYSSVL_1096.5386,0,0,0,0,0,1,0,0,0
SAPVAAAA_1519.8372,0,0,0,0,0,1,0,0,0
CDHLK_1721.6837,0,0,0,0,0,0,0,0,0
APGGCNNPCTVF_1306.5783,0,0,0,0,0,0,0,0,0
APVAAAA_1519.8372,0,0,0,0,0,1,0,0,0
EYCCT_2096.8201,0,0,0,0,0,1,0,0,0
DYSSVL_1096.5408,0,0,0,0,0,1,0,0,0
FFSDNV_958.4218,0,0,0,0,0,0,0,0,0
AWLVSSCGVR_1343.6600,0,0,0,0,0,0,0,0,0
LGLSH_1339.6982,0,0,0,0,0,0,0,0,0
YLAEDQL_1535.7222,0,0,0,0,0,0,0,0,0
QLQQCCDQ_1774.7619,0,0,0,0,0,0,0,0,0
LPSAC_888.4740,0,0,0,0,0,1,0,0,0
VGLPLSQR_868.5126,0,0,0,0,0,1,0,0,0
SDLVS_1163.5586,0,0,0,0,0,0,0,0,0
QLQQCC_1516.6747,0,0,0,0,0,0,0,0,0
ATFDVVNR_920.4710,0,0,0,0,0,0,0,0,0
LEQLA_1012.5660,0,0,0,0,0,1,0,0,0
CLTTDANLK_1206.5553,0,0,0,0,0,1,0,0,0
LEQLA_1022.5744,0,0,0,0,0,0,0,0,0
HELPVL_1073.5978,0,0,0,0,0,1,0,0,0
AEDQLQQGQLHGEE_2229.0284,0,0,0,0,0,1,0,0,0
EDQLQQGQLHGEE_2229.0284,0,0,0,0,0,1,0,0,0
PMPPA_1471.6353,0,0,0,0,0,0,0,0,0
ESQQLQQCCN_1901.8283,0,0,0,0,0,0,0,0,0
ESQQPAAQCC_1901.8283,0,0,0,0,0,0,0,0,0
CLTTDANLK_1206.5550,0,0,0,0,0,1,0,0,0
QLHGEE_2229.0280,0,0,0,0,0,1,0,0,0
STFTCPS_1516.6610,0,0,0,0,0,0,0,0,0
QMYLS_1401.6036,0,0,0,0,0,0,0,0,0
LTTDAN_1260.5884,0,0,0,0,0,0,0,0,0
DLVSS_1106.5392,0,0,0,0,0,1,0,0,0
EELVSS_1077.5302,0,0,0,0,0,0,0,0,0
AGELVS_1077.5302,0,0,0,0,0,0,0,0,0
QCCNQ_1645.7177,0,0,0,0,0,0,0,0,0
QEAVNTA_1730.7904,0,0,0,0,0,1,0,0,0
CGVSPTEF_1097.4639,0,0,0,0,0,0,0,0,0
QCCNQ_1577.6911,0,0,0,0,0,0,0,0,0
DHCSYAVNSYYQR_1604.6650,0,0,0,0,0,1,0,0,0
TTDAN_1253.5545,0,0,0,0,0,0,0,0,0
TTTDA_1253.5545,0,0,0,0,0,0,0,0,0
LEQLG_884.5074,0,0,0,0,0,1,0,0,0
LATVL_855.5180,0,0,0,0,0,0,0,0,0
MWSPTEFC_1097.4639,0,0,0,0,0,0,0,0,0
QVHLTQ_1988.9338,0,0,0,0,0,1,0,0,0
CCNQVK_1667.6979,0,0,0,0,0,0,0,0,0
EVMQK_1432.6751,0,0,0,0,0,0,0,0,0
ENLLST_1160.5911,0,0,0,0,0,1,0,0,0
QLQQCCDQ_1902.8297,0,0,0,0,0,0,0,0,0
ESQQLQQCCDQ_1902.8297,0,0,0,0,0,0,0,0,0
ESQQLQQCCNQ_1902.8297,0,0,0,0,0,0,0,0,0
EESQQLQQCCDQ_1902.8297,0,0,0,0,0,0,0,0,0
SQQLQQCCNQ_1773.7769,0,0,0,0,0,0,0,0,0
CCNQVK_1738.7329,0,0,0,0,0,0,0,0,0
CTYAR_1738.7329,0,0,0,0,0,0,0,0,0
LSLPSAC_888.4740,0,0,0,0,0,1,0,0,0
VATVS_841.5016,0,0,0,0,0,0,0,0,0
LSLSTN_1192.6124,0,0,0,0,0,1,0,0,0
SQQLD_1795.7543,0,0,0,0,0,0,0,0,0
CCNQVK_1795.7543,0,0,0,0,0,0,0,0,0
NCCFM_1795.7543,0,0,0,0,0,0,0,0,0
QMMMR_1795.7543,0,0,0,0,0,0,0,0,0
CNQVK_1795.7543,0,0,0,0,0,0,0,0,0
ESQQL_1868.8494,0,0,0,0,0,0,0,0,0
LGNYEGTPCK_1312.5776,0,0,0,0,0,0,0,0,0
CYGYDK_1388.6402,0,0,0,0,0,0,0,0,0
VDTLR_1388.6402,0,0,0,0,0,0,0,0,0
ATFDVV_920.4716,0,0,0,0,0,0,0,0,0
VAGLGLSH_1595.8170,0,0,0,0,0,1,0,0,0
QLQQCCNQ_1405.6395,0,0,0,0,0,0,0,0,0
FLEQCCNQ_1405.6395,0,0,0,0,0,0,0,0,0
AQCGMCEY_1405.6395,0,0,0,0,0,0,0,0,0
AEDQLQQGQLHGEE_2229.0364,0,0,0,0,0,1,0,0,0
QCCDQ_1902.8297,0,0,0,0,0,0,0,0,0
CCDQV_1902.8297,0,0,0,0,0,0,0,0,0
LVEEVL_899.5326,0,0,0,0,0,1,0,0,0
DLTGWG_899.5326,0,0,0,0,0,0,0,0,0
QLQQC_1611.7296,0,0,0,0,0,0,0,0,0
AEDQLQQ_1850.8270,0,0,0,0,0,0,0,0,0
QLQQCCNQ_1773.7769,0,0,0,0,0,0,0,0,0
SQLQQCCN_1773.7769,0,0,0,0,0,0,0,0,0
LSSLNVE_1657.8385,0,0,0,0,0,0,0,0,0
QLQQCCNQ_1899.8215,0,0,0,0,0,0,0,0,0
CMDPE_1343.6203,0,0,0,0,0,0,0,0,0
LHGEE_2211.0178,0,0,0,0,0,0,0,0,0
HGEPE_2211.0178,0,0,0,0,0,0,0,0,0
LAEDQLQQ_2286.0514,0,0,0,0,0,0,0,0,0
EDQLQQ_2201.0298,0,0,0,0,0,0,0,0,0
AEQLA_1012.5218,0,0,0,0,0,0,0,0,0
NFKPYLSS_1518.7806,0,0,0,0,0,0,0,0,0
FKPYLSS_1518.7806,0,0,0,0,0,0,0,0,0
LEQLG_884.5080,0,0,0,0,0,1,0,0,0
CLTTA_1188.5452,0,0,0,0,0,0,0,0,0
YLAEDQ_2266.9729,0,0,0,0,0,0,0,0,0
VCMDPE_1457.6631,0,0,0,0,0,0,0,0,0
EQCQLR_1843.9027,0,0,0,0,0,0,0,0,0
YLAED_2251.0087,0,0,0,0,0,0,0,0,0
LQQGQLHGEE_1953.8778,0,0,0,0,0,0,0,0,0
SAQQM_1200.5548,0,0,0,0,0,0,0,0,0
QLHGEE_2229.0316,0,0,0,0,0,1,0,0,0
VCMDPEPL_1458.6639,0,0,0,0,0,0,0,0,0
DVCMDPEP_1458.6639,0,0,0,0,0,0,0,0,0
QLHWE_2121.9620,0,0,0,0,0,0,0,0,0
QQGQLHGEESER_1509.7084,0,0,0,0,0,0,0,0,0
YGVGA_1377.6220,0,0,0,0,0,0,0,0,0
EPMPK_1377.6220,0,0,0,0,0,0,0,0,0
AEDQLQQGQLHGEESER_2229.0288,0,0,0,0,0,1,0,0,0
QCCDQ_1774.7655,0,0,0,0,0,0,0,0,0
ESQQLQQCCNQ_1901.8337,0,0,0,0,0,0,0,0,0
ECEAL_1947.9210,0,0,0,0,0,0,0,0,0
ELQEQQN_1390.6335,0,0,0,0,0,0,0,0,0
VEGDLQVT_1209.6362,0,0,0,0,0,0,0,0,0
SQQLQQCCNQ_1843.8065,0,0,0,0,0,0,0,0,0
CPMAGTFYR_1044.4518,0,0,0,0,0,0,0,0,0
QLQQCC_1866.7927,0,0,0,0,0,0,0,0,0
CMDPEPL_1343.6203,0,0,0,0,0,0,0,0,0
SQQLQQCCNQ_1866.7927,0,0,0,0,0,0,0,0,0
QLQQCCNQVK_1923.8141,0,0,0,0,0,0,0,0,0
QLQQCCNQVK_1907.8192,0,0,0,0,0,0,0,0,0
ESQQL_1923.8141,0,0,0,0,0,0,0,0,0
ESQQL_1925.8345,0,0,0,0,0,0,0,0,0
WSPSENC_1248.5554,0,0,0,0,0,1,0,0,0
VFEAFR_767.3954,0,0,0,0,0,0,0,0,0
LHGEE_2229.0316,0,0,0,0,0,1,0,0,0
CPASS_1133.5350,0,0,0,0,0,0,0,0,0
AELEK_1789.8547,0,0,0,0,0,0,0,0,0
QQNLWR_1789.8547,0,0,0,0,0,0,0,0,0
SAFLQK_1789.8547,0,0,0,0,0,0,0,0,0
QQSHA_1789.8547,0,0,0,0,0,0,0,0,0
GGQSFPPQ_1144.5508,0,0,0,0,0,0,0,0,0
VAVQLAEC_1946.9161,0,0,0,0,0,0,0,0,0
LVAPAYTAVR_1059.6058,0,0,0,0,0,0,0,0,0
AEYQLQQGHLQ_2201.0342,0,0,0,0,0,1,0,0,0
LCVDV_875.4166,0,0,0,0,0,1,0,0,0
LCVDV_1300.6925,0,0,0,0,0,0,0,0,0
AELEK_1747.8296,0,0,0,0,0,0,0,0,0
SGLVLAATSGNS_1559.8138,0,0,0,0,0,0,0,0,0
CVDVR_1300.6912,0,0,0,0,0,0,0,0,0
FQQNTAYL_1400.6388,0,0,0,0,0,1,0,0,0
LLELLAYV_1400.6388,0,0,0,0,0,0,0,0,0
YQEVM_1451.6828,0,0,0,0,0,0,0,0,0
SYTNF_899.4498,0,0,0,0,0,0,0,0,0
DLSSC_899.4498,0,0,0,0,0,0,0,0,0
AEDQLQQGQLHGEEDE_2257.0204,0,0,0,0,0,0,0,0,0
YENELQQGQLHGEEDE_2257.0204,0,0,0,0,0,0,0,0,0
AEDQLQQGQLHGEE_2229.0288,0,0,0,0,0,1,0,0,0
EESQQLQQCCNQ_1901.8337,0,0,0,0,0,0,0,0,0
CPAPGEP_1140.5628,0,0,0,0,0,1,0,0,0
QLQQCC_1773.7757,0,0,0,0,0,0,0,0,0
NNPGLY_1773.7757,0,0,0,0,0,0,0,0,0
ELQQCC_1773.7757,0,0,0,0,0,0,0,0,0
CEALQVAVE_1946.9163,0,0,0,0,0,0,0,0,0
CLTTDANLK_1690.8538,0,0,0,0,0,0,0,0,0
QLQQCC_1817.8517,0,0,0,0,0,0,0,0,0
QEYLGV_1817.8517,0,0,0,0,0,0,0,0,0
AEDQLQQGQLH_2243.0430,0,0,0,0,0,0,0,0,0
NSDQLQQGQLH_2243.0430,0,0,0,0,0,0,0,0,0
CLTTDA_2103.0744,0,0,0,0,0,0,0,0,0
ADVLEWPK_1084.5926,0,0,0,0,0,0,0,0,0
DNCLTTDANLK_2061.0758,0,0,0,0,0,0,0,0,0
APAAL_1627.8905,0,0,0,0,0,0,0,0,0
ECCNQVK_1924.8077,0,0,0,0,0,0,0,0,0
ELVSSC_1076.5284,0,0,0,0,0,1,0,0,0
QCCNQ_1773.7757,0,0,0,0,0,0,0,0,0
LEQCCNQVK_1842.7008,0,0,0,0,0,0,0,0,0
FDVAQ_1309.6034,0,0,0,0,0,0,0,0,0
EDLVS_1148.5488,0,0,0,0,0,0,0,0,0
CLTSD_1793.8674,0,0,0,0,0,0,0,0,0
GGQSFPP_1144.5508,0,0,0,0,0,0,0,0,0
QEYLTQQY_1742.8012,0,0,0,0,0,1,0,0,0
AEYQLQQGHLQGEE_2201.0342,0,0,0,0,0,1,0,0,0
VAVQLAECQCE_1946.9161,0,0,0,0,0,0,0,0,0
LLSSK_1456.7066,0,0,0,1,0,1,0,0,0
QEYLTQQYR_1743.8082,0,0,0,0,0,0,0,0,0
LSSCEQYLR_1383.6446,0,0,0,0,0,0,0,0,0
LGGLGTV_1024.6030,0,0,0,0,0,0,0,0,0
YTECF_1124.4651,0,0,0,0,0,0,0,0,0
CLTTDANLK_1206.5540,0,0,0,0,0,1,0,0,0
DLTCL_1506.6970,0,0,0,0,0,1,0,0,0
TDANQLM_1577.7786,0,0,0,0,0,0,0,0,0
FGSAA_1089.5828,0,0,0,0,0,0,0,0,0
LAEADEQN_1712.7414,0,0,0,0,0,0,0,0,0
CLTTDAN_1206.5540,0,0,0,0,0,1,0,0,0
LEDCTST_1206.5540,0,0,0,0,0,0,0,0,0
ETAASEGVAVQK_1828.8968,0,0,0,0,0,0,0,0,0
VDLTDLQNK_1044.5440,0,0,0,0,0,0,0,0,0
LLNYL_859.5168,0,0,0,0,0,0,0,0,0
VYNELVR_1077.5450,0,0,0,0,0,1,0,0,0
LAEDQLQQGQLHGEE_2229.0288,0,0,0,0,0,1,0,0,0
WLEDCTSEK_1265.5594,0,0,0,0,0,0,0,0,0
ESQELQQCCNQ_1902.8219,0,0,0,0,0,0,0,0,0
VAAYAQNYA_1582.7480,0,0,0,0,0,0,0,0,0
AAAYAQNYA_1582.7480,0,0,0,0,0,0,0,0,0
EQQLQQCCNQ_1815.7879,0,0,0,0,0,0,0,0,0
EQQNQVL_1474.7780,1,0,0,0,0,0,0,0,0
VDADLNV_1156.5824,0,0,0,0,0,0,0,0,0
SLDFYS_1014.4758,0,0,0,0,0,0,0,0,0
ETYCSSNQWPC_2182.8929,0,0,0,0,0,0,0,0,0
QEQQDL_2106.0178,0,0,0,0,0,0,0,0,0
CSAELEK_1748.8128,0,0,0,0,0,0,0,0,0
LLSGSLHY_1240.6915,0,1,1,0,0,1,0,0,0
LPGLNTK_1120.6240,0,0,0,0,0,0,0,0,0
ANLPY_1003.5160,0,0,0,0,0,0,0,0,0
VWLED_1578.7590,0,0,0,0,0,0,0,0,0
VWLEDCT_1619.7536,0,0,0,0,0,0,0,0,0
TVWLEDC_1619.7536,0,0,0,0,0,0,0,0,0
VWLEDC_1662.7774,0,0,0,0,0,0,0,0,0
LYDCNTAATD_1643.7292,0,0,0,0,0,0,0,0,0
HPDQPTLQALK_1522.8130,0,0,0,0,0,1,0,0,0
YEELQLTA_1178.5924,0,0,0,0,0,0,0,0,0
PSSCGL_1616.7651,0,0,0,0,0,1,0,0,0
LCVDVR_875.4172,0,0,0,0,0,1,0,0,0
ELVSS_1076.5284,0,0,0,0,0,1,0,0,0
VLEWPK_1199.6178,0,0,0,0,0,0,0,0,0
SSCGL_2027.9803,0,0,0,0,0,0,0,0,0
MCGVSPTEC_1228.5035,0,0,0,0,0,0,0,0,0
TDANQL_1549.7832,0,0,0,0,0,0,0,0,0
DNCLTSD_1792.8608,0,0,0,0,0,0,0,0,0
LSSCEQYLR_1380.6698,0,0,0,0,0,0,0,0,0
AEYQLQQGHLQGEESER_2201.0342,0,0,0,0,0,1,0,0,0
AVQLAE_1946.9039,0,0,0,0,0,0,0,0,0
ELQQCC_1946.9039,0,0,0,0,0,0,0,0,0
PPPFA_956.5158,0,0,0,0,0,0,0,0,0
YAEDQLQQ_2229.0289,0,0,0,0,0,0,0,0,0
QLHGEE_2229.0289,0,0,0,0,0,1,0,0,0
CEGLTYALGEK_1182.5588,0,0,0,0,0,0,0,0,0
VWLEDCTSEK_1208.5374,0,0,0,0,0,1,0,0,0
LTYAL_1182.5592,0,0,0,0,0,0,0,0,0
VEAFR_1976.9178,0,0,0,0,0,0,0,0,0
LEDCTSE_1208.5380,0,0,0,0,0,1,0,0,0
TDANQLWTL_1546.7886,0,0,0,0,0,0,0,0,0
LPSMCGVS_1378.6033,0,0,0,0,0,0,0,0,0
LQQCCNQ_1902.8233,0,0,0,0,0,0,0,0,0
ANQLWTL_1528.7692,0,0,0,0,0,0,0,0,0
PLCCDHLEQT_2393.9477,0,0,0,0,0,0,0,0,0
LTTDANL_1690.8551,0,0,0,0,0,0,0,0,0
TDANQLWTL_1344.7152,0,0,0,0,0,0,0,0,0
CEALQVAV_1946.9214,0,0,0,0,0,0,0,0,0
SSCGL_1674.7921,0,0,0,0,0,0,0,0,0
LTTDANLK_1691.8560,0,0,0,0,0,0,0,0,0
SNTDANQLWTL_1929.9930,0,0,0,0,0,0,0,0,0
LGATNPAQSA_1666.9002,0,0,0,0,0,0,0,0,0
ANQLWTL_1342.7270,0,0,0,0,0,0,0,0,0
YLAEDQLQ_2613.2269,0,0,0,0,0,0,0,0,0
ANQPVSVALEA_1537.8202,0,0,0,0,0,1,0,0,0
SSCEQYLR_1212.5444,0,0,0,0,0,1,0,0,0
AHDCAMYTFTPK_1597.6900,0,0,0,0,0,1,0,0,0
YLSPCQEYLR_1270.6000,0,0,0,0,0,0,0,0,0
PCLDYAK_1038.4878,0,0,0,0,0,1,0,0,0
DLSSCEQYLR_1667.7874,0,0,0,0,0,0,0,0,0
FQYLE_1171.5340,0,0,0,0,0,1,0,0,0
SCEQY_1212.5432,0,0,0,0,0,1,0,0,0
HYLPVDVL_1082.6150,0,1,1,0,0,0,0,0,0
DLSSCEQ_1596.7426,0,0,0,0,0,0,0,0,0
ESSCEQYL_1340.6022,0,0,0,0,0,0,0,0,0
TSSCEQYL_1340.6022,0,0,0,0,0,0,0,0,0
SCGLPE_1416.6479,0,0,0,0,0,0,0,0,0
QCCNQ_1599.7613,0,0,0,0,0,0,0,0,0
PSSCGL_1717.8123,0,0,0,0,0,0,0,0,0
SYNAF_1427.6796,0,0,0,0,0,1,0,0,0
AEYQLQQGHLQGEESE_2201.0342,0,0,0,0,0,1,0,0,0
LVLDV_857.4980,0,0,0,0,0,0,0,0,0
VWVDK_1205.6788,0,0,0,0,0,0,0,0,0
YGLVK_1205.6788,0,0,0,0,0,0,0,0,0
ESQQLQQCM_1980.8103,0,0,0,0,0,0,0,0,0
PAALGYPSQALK_1285.7022,0,0,0,0,0,0,0,0,0
AEDQLQQGQLHGEE_2169.9206,0,0,0,0,0,0,0,0,0
PQGYGLCVGN_1508.7088,0,0,0,0,0,1,0,0,0
HELPVL_1887.0337,0,0,0,0,0,0,0,0,0
HELPVL_1888.0363,0,0,0,0,0,0,0,0,0
LSFSCDLR_939.4488,0,0,0,0,0,0,0,0,0
AEDQLQQ_2229.0289,0,0,0,0,0,1,0,0,0
CLTTDANLK_1249.5604,0,0,0,0,0,0,0,0,0
FSCDLR_939.4474,0,0,0,0,0,0,0,0,0
PQGYGLCVGN_1508.7048,0,0,0,0,0,1,0,0,0
YNYGQ_2086.0336,0,0,0,0,0,1,0,0,0
HNYNYGQA_2086.0336,0,0,0,0,0,1,0,0,0
LSFSCDLR_1393.6896,0,0,0,0,0,0,0,0,0
ELTHNYNY_2087.0362,0,0,0,0,0,0,0,0,0
LMQQTM_1289.5892,0,0,0,0,0,1,0,0,0
YMQQTF_1289.5892,0,0,0,0,0,0,0,0,0
APAAL_1739.9468,0,0,0,0,0,0,0,0,0
TDANQLWTL_1545.7898,0,0,0,0,0,0,0,0,0
ESQQLQQCCNQ_1901.8351,0,0,0,0,0,0,0,0,0
ESEQLQQCCNQ_1901.8351,0,0,0,0,0,0,0,0,0
LSFSCDLR_1354.6994,0,0,0,0,0,0,0,0,0
LLSFSCDL_1354.6994,0,0,0,0,0,0,0,0,0
FLYNCSTATV_1544.7402,0,0,0,0,0,0,0,0,0
QCCNQVEQ_1557.7027,0,0,0,0,0,0,0,0,0
FSCDLR_935.4534,0,0,0,0,0,0,0,0,0
YFLSGK_935.4534,0,0,0,0,0,0,0,0,0
TTDANLK_1690.8551,0,0,0,0,0,0,0,0,0
YVDALVL_919.5372,0,0,0,0,0,1,0,0,0
LVQSP_1302.7284,0,0,0,0,0,1,0,0,0
YSTCGTQL_1409.6978,0,0,0,0,0,0,0,0,0
LQETTQLVDE_1472.7470,0,0,0,0,0,1,0,0,0
YSTCGTQLPTL_1823.9446,0,0,0,0,0,0,0,0,0
DLSSCE_1626.7900,0,0,0,0,0,0,0,0,0
YSTCGTQL_1864.9424,0,0,0,0,0,0,0,0,0
TFAFG_1146.5098,0,0,0,0,0,0,0,0,0
YLSPC_1398.6606,0,0,0,0,0,1,0,0,0
LPSMCGVS_1564.6829,0,0,0,0,0,0,0,0,0
QLPSMCGV_1564.6829,0,0,0,0,0,0,0,0,0
ELVSS_1076.5282,0,0,0,0,0,1,0,0,0
AQCLCEAF_1227.5253,0,0,0,0,0,1,0,0,0
SSCEQYLR_1269.5662,0,0,0,0,0,0,0,0,0
PSSCGL_1616.7669,0,0,0,0,0,1,0,0,0
YTATL_1335.6668,0,0,0,0,0,1,0,0,0
ESFLA_935.4964,0,0,0,0,0,0,0,0,0
MMSGYYLAA_1161.5318,0,0,0,0,0,1,0,0,0
TTLGE_1076.5284,0,0,0,0,0,0,0,0,0
EVPVVYR_988.5708,0,0,0,0,0,0,0,0,0
YYFLSGK_988.5708,0,0,0,0,0,0,0,0,0
TTDANLK_1189.5282,0,0,0,0,0,0,0,0,0
CLCEAF_1227.5238,0,0,0,0,0,1,0,0,0
PSMCGVS_1563.6861,0,0,0,0,0,0,0,0,0
ELPNPL_1887.0337,0,0,0,0,0,0,0,0,0
LHGEE_2287.0531,0,0,0,0,0,0,0,0,0
AGLHG_2287.0531,0,0,0,0,0,0,0,0,0
TCGTQL_1410.7000,0,0,0,0,0,0,0,0,0
TPPELLQACK_1371.7054,0,0,0,0,0,0,0,0,0
MMSGYY_1161.5318,0,0,0,0,0,1,0,0,0
QVVLYNC_2138.0438,0,0,0,0,0,1,0,0,0
CSTATV_1350.5929,0,0,0,0,0,0,0,0,0
LLCSCV_1415.7636,0,0,0,0,0,0,0,0,0
EWESC_1415.7636,0,0,0,0,0,0,0,0,0
ESCFEK_1472.6398,0,0,0,0,0,0,0,0,0
TEFCR_1472.6398,0,0,0,0,0,0,0,0,0
CLCEA_1641.7755,0,0,0,0,0,0,0,0,0
TAFCHPV_1979.8761,0,0,0,0,0,1,0,0,0
TAFCHPV_1980.8785,0,0,0,0,0,0,0,0,0
AAQGQGV_1980.8785,0,0,0,0,0,0,0,0,0
CLTTD_1733.8622,0,0,0,0,0,0,0,0,0
LPSMC_1733.7597,0,0,0,0,0,0,0,0,0
CGVSPTE_1735.7679,0,0,0,0,0,1,0,0,0
PESCGLPE_1658.7751,0,0,0,0,0,0,0,0,0
LPSMC_1634.7205,0,0,0,0,0,0,0,0,0
CLTTD_1634.7205,0,0,0,0,0,0,0,0,0
YGAVNDVSGLQAK_1520.7822,0,0,0,0,0,1,0,0,0
FYTECLGMK_1090.4830,0,0,0,0,0,0,0,0,0
MCGVSPTECR_1265.5225,0,0,0,0,0,0,0,0,0
CEALQVAV_1563.6903,0,0,0,0,0,1,0,0,0
LAEDQLQQGQLHGEESE_2229.0288,0,0,0,0,0,1,0,0,0
CEALQVAVE_1978.9405,0,0,0,0,0,0,0,0,0
LPSMCGVSP_1717.7610,0,0,0,0,0,0,0,0,0
YTAYDLDN_1424.6360,0,0,0,0,0,0,0,0,0
CMDPE_1343.6202,0,0,0,0,0,0,0,0,0
WDVCMDPEPL_1458.6660,0,0,0,0,0,0,0,0,0
QGDVCMDPEP_1458.6660,0,0,0,0,0,0,0,0,0
LQQCC_2201.0107,0,0,0,0,0,0,0,0,0
QLQQY_2201.0107,0,0,0,0,0,0,0,0,0
QLQMM_2201.0107,0,0,0,0,0,0,0,0,0
LPSMC_1680.7483,0,0,0,0,0,0,0,0,0
ASMCG_1680.7483,0,0,0,0,0,0,0,0,0
CMDPE_1757.8686,0,0,0,0,0,0,0,0,0
CQMYLSQSSS_1402.5970,0,0,0,0,0,0,0,0,0
VFDSVVVV_990.5750,0,0,0,0,0,1,0,0,0
NTTVLAFV_990.5750,0,0,0,0,0,0,0,0,0
VLPVCV_981.5678,0,0,0,0,0,0,0,0,0
QCEALQVAVEK_1563.6901,0,0,0,0,0,1,0,0,0
TTDANLK_1673.8370,0,0,0,0,0,0,0,0,0
ANLPSMC_1792.7869,0,0,0,0,0,0,0,0,0
TDANQLWTL_1546.7746,0,0,0,0,0,0,0,0,0
DANQLWTLK_1546.7746,0,0,0,0,0,0,0,0,0
LTVAEFTDR_1050.5338,0,0,0,0,0,1,0,0,0
AVQLAEC_1974.9352,0,0,0,0,0,0,0,0,0
CCFFL_844.3727,0,0,0,0,0,1,0,0,0
FQYLE_1171.5328,0,0,0,0,0,1,0,0,0
WGPEW_1188.5226,0,0,0,0,0,0,0,0,0
SELVSSC_1149.5440,0,0,0,0,0,0,0,0,0
DTDANQLWTL_1546.7754,0,0,0,0,0,0,0,0,0
DVCMD_1400.6422,0,0,0,0,0,0,0,0,0
LPAAQFNDLPACK_1386.6942,0,0,0,0,0,1,0,0,0
GPAQFNDLPACK_1386.6942,0,0,0,0,0,0,0,0,0
NLPSMC_1701.7792,0,0,0,0,0,0,0,0,0
LPSMCG_1701.7792,0,0,0,0,0,0,0,0,0
CMDPE_1348.6248,0,0,0,0,0,0,0,0,0
PLECK_1048.4030,0,0,0,0,0,0,0,0,0
SSMFM_844.3727,0,0,0,0,0,0,0,0,0
MCGVSPTE_1735.7679,0,0,0,0,0,1,0,0,0
LPSMC_1733.7519,0,0,0,0,0,0,0,0,0
LPSMC_1734.7571,0,0,0,0,0,0,0,0,0
DMLCLC_1010.4599,0,0,0,0,0,1,0,0,0
LSFSCDLR_939.4480,0,0,0,0,0,0,0,0,0
ELVSSC_1119.5328,0,0,0,0,0,0,0,0,0
LVVLSD_1228.6736,0,0,0,0,0,0,0,0,0
CTAVNQEL_1317.6348,0,0,0,0,0,1,0,0,0
LPDMC_1763.7631,0,0,0,0,0,0,0,0,0
PDMCG_1763.7631,0,0,0,0,0,0,0,0,0
LWPCK_1527.7490,0,0,0,0,0,0,0,0,0
LHGEE_2229.0289,0,0,0,0,0,1,0,0,0
LCCDHLE_2335.9206,0,0,0,0,0,0,0,0,0
PLCCDHL_2335.9206,0,0,0,0,0,0,0,0,0
PEVVAEYT_1331.7076,0,0,0,0,0,1,0,0,0
LNPTF_1037.5304,0,0,0,0,0,0,0,0,0
SSCEQYLR_1212.5472,0,0,0,0,0,1,0,0,0
VAVQLAECQCE_1929.8913,0,0,0,0,0,0,0,0,0
ESQQLQQCCNQAAK_2328.0695,0,0,0,0,0,0,0,0,0
QQQLQQCCNQAAK_2328.0695,0,0,0,0,0,0,0,0,0
CEALQVAVEK_1563.6908,0,0,0,0,0,1,0,0,0
MPLGLVEQ_1353.7074,0,0,0,0,0,1,0,0,0
CSYTVWAAAS_1481.6710,0,0,0,0,0,1,0,0,0
AGLGLSHGYNPR_1578.7906,0,0,0,0,0,0,0,0,0
NLPSMC_1735.7701,0,0,0,0,0,1,0,0,0
YTVWAAAS_1495.6870,0,0,0,0,0,1,0,0,0
LVSSSP_1295.5668,0,0,0,0,0,0,0,0,0
SAYFFH_1596.6433,0,0,0,0,0,0,0,0,0
YYPLCC_1596.6433,0,0,0,0,0,0,0,0,0
FKPYLSS_1561.7918,0,0,0,0,0,0,0,0,0
PQDYLNAHN_1706.8110,0,0,0,0,0,0,0,0,0
PQDYLNAHNAA_1706.8110,0,0,0,0,0,0,0,0,0
STCGTQL_1572.7598,0,0,0,0,0,0,0,0,0
CMDPE_1342.6426,0,0,0,0,0,0,0,0,0
WLVDS_1148.5304,0,0,0,0,0,0,0,0,0
GELVD_1148.5304,0,0,0,0,0,0,0,0,0
EDYLDAHNA_1654.6710,0,0,0,0,0,0,0,0,0
EDYLDAHWA_1654.6710,0,0,0,0,0,0,0,0,0
CMDPE_1272.5842,0,0,0,0,0,0,0,0,0
LTCGQVASSLG_1475.7471,0,0,0,0,0,0,0,0,0
CLQML_1219.6074,0,0,0,0,0,0,0,0,0
VAVEK_1251.5945,0,0,0,0,0,0,0,0,0
EDGYK_1251.5945,0,0,0,0,0,0,0,0,0
FQYLE_1171.5324,0,0,0,0,0,1,0,0,0
LLVQE_1076.5284,0,0,0,0,0,0,0,0,0
WAAAS_1556.8562,0,0,0,0,0,0,0,0,0
NLPSMC_1763.7631,0,0,0,0,0,0,0,0,0
DYLNAH_2206.0826,0,0,0,0,0,0,0,0,0
NLPEMC_1777.7799,0,0,0,0,0,0,0,0,0
LPEMCG_1777.7799,0,0,0,0,0,0,0,0,0
LENYAYN_1357.6078,0,0,0,0,0,0,0,0,0
FYTECFGMK_1124.4672,0,0,0,0,0,0,0,0,0
STCGTQLPTL_1572.7598,0,0,0,0,0,0,0,0,0
HTCGTQLPTL_1572.7598,0,0,0,0,0,0,0,0,0
ALQLWPCK_1526.7448,0,0,0,0,0,1,0,0,0
NLPSMCR_1814.7503,0,0,0,0,0,0,0,0,0
TECFGMK_1124.4682,0,0,0,0,0,0,0,0,0
AVQLAEC_1929.8913,0,0,0,0,0,0,0,0,0
TGDSVASF_1324.6234,0,0,0,0,0,1,0,0,0
FYTECF_1582.7388,0,0,0,0,0,0,0,0,0
EDQLQQ_2229.0282,0,0,0,0,0,1,0,0,0
DQLQQ_2229.0282,0,0,0,0,0,1,0,0,0
EDQLQQGQLHGEE_2273.0372,0,0,0,0,0,0,0,0,0
DVTNAYVV_1380.6890,0,0,0,0,0,0,0,0,0
CMDPE_1343.6208,0,0,0,0,0,0,0,0,0
LPSMC_1749.7869,0,0,0,0,0,0,0,0,0
PSMCG_1749.7869,0,0,0,0,0,0,0,0,0
AGLGLSHGYNPR_1450.7306,0,0,0,0,0,0,0,0,0
LQQGHLQ_2244.0400,0,0,0,0,0,0,0,0,0
AEYQLQQGHLQGEE_2244.0396,0,0,0,0,0,0,0,0,0
QCEALQVAVEK_1564.6919,0,0,0,0,0,0,0,0,0
FYTECF_1583.7462,0,0,0,0,0,0,0,0,0
LCCDHLE_2293.8924,0,0,0,0,0,0,0,0,0
LSCGPASS_1217.5822,0,0,0,0,0,0,0,0,0
CEALQVAVEK_1564.6919,0,0,0,0,0,0,0,0,0
CEALQVAVE_1563.6901,0,0,0,0,0,1,0,0,0
PLCCDHLE_2318.9250,0,0,0,0,0,0,0,0,0
YPLCCDHL_2318.9250,0,0,0,0,0,0,0,0,0
ELPVL_1951.1137,0,0,0,0,0,0,0,0,0
EDQLQQ_2257.0250,0,0,0,0,0,0,0,0,0
LHGEE_2257.0250,0,0,0,0,0,0,0,0,0
PLCCDHLE_2088.8510,0,0,0,0,0,0,0,0,0
NPLCCDHL_2088.8510,0,0,0,0,0,0,0,0,0
YYPLCCDHLEQMT_2088.8517,0,0,0,0,0,0,0,0,0
AQDLP_941.4936,0,0,0,0,0,0,0,0,0
DFLAE_2146.0288,0,0,0,0,0,0,0,0,0
VGELLSR_942.5496,0,0,0,0,0,1,0,0,0
YTVWAA_1495.6874,0,0,0,0,0,1,0,0,0
VFACD_1162.5344,0,0,0,0,0,0,0,0,0
SCGPASS_1212.5438,0,0,0,0,0,0,0,0,0
VFACD_1162.5309,0,0,0,0,0,0,0,0,0
FLDYC_1157.5170,0,0,0,0,0,0,0,0,0
WLQEQ_1157.5170,0,0,0,0,0,0,0,0,0
AEYQL_2201.0392,0,0,0,0,0,1,0,0,0
LLNWL_899.5222,0,0,0,0,0,1,0,0,0
LAQDL_899.5222,0,0,0,0,0,0,0,0,0
WLVSS_1120.5368,0,0,0,0,0,0,0,0,0
GELVS_1120.5368,0,0,0,0,0,0,0,0,0
TDANQL_1393.6842,0,0,0,0,0,0,0,0,0
LAQDLPS_940.4968,0,0,0,0,0,0,0,0,0
VLDEL_1028.5862,1,0,0,0,0,0,0,0,0
LVNSA_1305.7030,0,0,0,0,0,1,0,0,0
LLFDVY_1059.5722,0,0,0,0,0,0,0,0,0
NQPLLW_1059.5722,0,0,0,0,0,0,0,0,0
FLVNSA_1305.7030,0,0,0,0,0,1,0,0,0
QCCNQVEQ_2648.1849,0,0,0,0,0,0,0,0,0
QMQQTEAG_2648.1849,0,0,0,0,0,0,0,0,0
PVFCCA_1514.6849,0,0,0,0,0,0,0,0,0
EDQLQQ_2273.0372,0,0,0,0,0,0,0,0,0
QLHGEE_2273.0372,0,0,0,0,0,0,0,0,0
AGLGLSH_1382.7056,0,0,0,0,0,0,0,0,0
LGLSHGY_1382.7056,0,0,0,0,0,0,0,0,0
YFYQD_1523.7430,0,0,0,0,0,1,0,0,0
LAGDEY_1595.7562,0,0,0,0,0,1,0,0,0
VLDELT_1028.5862,0,0,0,0,0,0,0,0,0
TWTFNVAQ_1436.7040,0,0,0,0,0,1,0,0,0
WTFNVAQ_1436.7051,0,0,0,0,0,1,0,0,0
CMDPE_1343.6214,0,0,0,0,0,0,0,0,0
MDPEP_1343.6214,0,0,0,0,0,0,0,0,0
VALYL_1395.7158,0,0,0,0,0,0,0,0,0
VLTLE_1173.6166,0,0,0,0,0,0,0,0,0
LLWYK_1060.5711,0,0,0,0,0,1,0,0,0
LPSMC_1735.7681,0,0,0,0,0,1,0,0,0
STALQE_1313.6159,0,0,0,0,0,0,0,0,0
SNNFATL_1222.6126,0,0,0,0,0,1,0,0,0
CMDPE_1344.6220,0,0,0,0,0,0,0,0,0
GLGLS_1382.7056,0,0,0,0,0,0,0,0,0
VPSALC_1391.6746,0,0,0,0,0,0,0,0,0
PPFAC_1457.7224,0,0,0,0,0,0,0,0,0
CEALQVAVE_1562.6977,0,0,0,0,0,0,0,0,0
VAVEK_1563.6901,0,0,0,0,0,1,0,0,0
PYSLW_1150.5404,0,0,0,0,0,1,0,0,0
VVAFATD_1177.5978,0,0,0,0,0,0,0,0,0
TPEFLGL_1018.5336,0,0,0,0,0,1,0,0,0
WETDANL_1018.5336,0,0,0,0,0,0,0,0,0
ELVNSA_1290.5999,0,0,0,0,0,0,0,0,0
LSMAYD_1370.6412,0,0,0,0,0,1,0,0,0
KPFPWP_1059.5722,0,0,0,0,0,0,0,0,0
EQTEQLQQCCNQVEQ_2576.1413,0,0,0,0,0,0,0,0,0
VYLTV_1973.9774,0,0,0,0,0,1,0,0,0
YLTVG_1973.9774,0,0,0,0,0,1,0,0,0
TFNVAQ_1436.6476,0,0,0,0,0,0,0,0,0
LSMAYDA_1370.6412,0,0,0,0,0,1,0,0,0
TDAQCLCEAFK_1668.8227,0,0,0,0,0,0,0,0,0
VSTALDTTLL_1217.6858,0,0,0,0,0,1,0,0,0
QCCNQVEQLR_1571.7177,0,0,0,0,0,0,0,0,0
TLSEY_1554.7562,0,0,0,0,0,1,0,0,0
LDTTL_1217.6841,0,0,0,0,0,1,0,0,0
YVLTPLK_963.5454,0,0,0,0,0,1,0,0,0
YAQVALSTDDVYK_1713.8198,0,0,0,0,0,0,0,0,0
SSCEQYLR_1255.5496,0,0,0,0,0,0,0,0,0
EQQLQQCCNQVEQ_2447.1021,0,0,0,0,0,0,0,0,0
ENSVLQ_1922.8944,0,0,0,0,0,0,0,0,0
VSVDLFS_921.4906,0,0,0,0,0,0,0,0,0
LPSMC_1791.8660,0,0,0,0,0,0,0,0,0
AEDQLQQ_2272.0348,0,0,0,0,0,0,0,0,0
QLHGEE_2272.0348,0,0,0,0,0,0,0,0,0
EDQLQQGQLHGEE_2230.0212,0,0,0,0,0,0,0,0,0
LLELYYE_1297.6666,0,0,0,0,0,0,0,0,0
ALLYYE_1297.6666,0,0,0,0,0,0,0,0,0
HQEALQVAVEK_1564.6919,0,0,0,0,0,0,0,0,0
ALYSTPSLYTD_1641.8224,0,0,0,0,0,0,0,0,0
LYSTPSLYTDA_1641.8224,0,0,0,0,0,0,0,0,0
VALSTDDV_2256.1124,0,0,0,0,0,0,0,0,0
LQFWPCK_1509.7186,0,0,0,0,0,0,0,0,0
LQLPALT_1070.6334,0,0,0,0,0,1,0,0,0
AWQEV_1369.6902,0,0,0,0,0,1,0,0,0
NALQLWPCK_1527.7282,0,0,0,0,0,0,0,0,0
PSSCGL_1660.7751,0,0,0,0,0,0,0,0,0
QCEALQVAVEK_1563.6895,0,0,0,0,0,1,0,0,0
TDANQLWTL_1589.7976,0,0,0,0,0,0,0,0,0
ADVLDC_1747.8126,0,0,0,0,0,1,0,0,0
AQVALSTDDVYK_1714.8950,0,0,0,0,0,0,0,0,0
ELEALCN_1587.8372,0,0,0,0,0,0,0,0,0
LTACLDPDGW_1217.5742,0,0,0,0,0,0,0,0,0
LVFTNGSQDP_1418.6920,0,0,0,0,0,0,0,0,0
FTNGSQDP_1418.6920,0,0,0,0,0,0,0,0,0
TDANQLWTL_1588.7956,0,0,0,0,0,0,0,0,0
LWPCK_957.5108,0,0,0,0,0,0,0,0,0
LTHLFTD_1613.8150,0,0,0,0,0,0,0,0,0
SDLVSS_1149.5440,0,0,0,0,0,0,0,0,0
SDDVSS_1149.5440,0,0,0,0,0,0,0,0,0
YAQVALSTDDVYK_1714.8204,0,0,0,0,0,0,0,0,0
DPSVLTLE_1686.8220,0,0,0,0,0,0,0,0,0
YEAYDGT_2353.0064,0,0,0,0,0,1,0,0,0
LEWPK_956.4970,0,0,0,0,0,0,0,0,0
TDANQLWTLK_1389.6874,0,0,0,0,0,1,0,0,0
VQSYT_1355.6842,0,0,0,0,0,0,0,0,0
CLDYVA_1161.5257,0,0,0,0,0,0,0,0,0
YLAEDQLQQGQLHGEESER_2229.0296,0,0,0,0,0,1,0,0,0
ENELQQ_2273.0356,0,0,0,0,0,0,0,0,0
QLHGEE_2273.0356,0,0,0,0,0,0,0,0,0
ELVSS_1076.5278,0,0,0,0,0,1,0,0,0
TGDFFPYADR_1187.5248,0,0,0,0,0,1,0,0,0
TSLQLPALT_1070.6334,0,0,0,0,0,1,0,0,0
LPSMC_1736.7705,0,0,0,0,0,0,0,0,0
ATLQALNSGEC_1936.9296,0,0,0,0,0,1,0,0,0
TLQALNSGECN_1936.9296,0,0,0,0,0,0,0,0,0
QFWPCK_1509.7186,0,0,0,0,0,0,0,0,0
TDANQLWTLK_1392.6954,0,0,0,0,0,0,0,0,0
LQLWPCK_1527.7276,0,0,0,0,0,0,0,0,0
ALQLWPCK_1242.6178,0,0,0,0,0,0,0,0,0
MAVVLWNR_987.5320,0,0,0,0,0,1,0,0,0
PSSCGL_1659.7701,0,0,0,0,0,0,0,0,0
DANQLWTL_1528.7622,0,0,0,0,0,0,0,0,0
ANLPSMC_1793.7787,0,0,0,0,0,0,0,0,0
VLTLE_1361.6946,0,0,0,0,0,0,0,0,0
PCLDYVA_1176.6204,0,0,0,0,0,1,0,0,0
DPSVLTLE_1743.8417,0,0,0,0,0,0,0,0,0
QLWPCK_983.5270,0,0,0,0,0,0,0,0,0
DVLEWPK_956.4962,0,0,0,0,0,0,0,0,0
TLQYVTQVE_1636.8052,0,0,0,0,0,1,0,0,0
LQYVTQVEQ_1636.8052,0,0,0,0,0,1,0,0,0
ELVSSC_1076.5286,0,0,0,0,0,1,0,0,0
AQVALSTDDVYK_1713.8198,0,0,0,0,0,0,0,0,0
TDANQLW_1587.7996,0,0,0,0,0,0,0,0,0
TDANQLWTL_1587.7996,0,0,0,0,0,0,0,0,0
GAFAS_2414.2648,0,0,0,0,0,0,0,0,0
SDNFA_1223.5948,0,0,0,0,0,0,0,0,0
SQTFA_1223.5948,0,0,0,0,0,0,0,0,0
DQPVLWV_1437.7716,0,0,0,0,0,1,0,0,0
TDANQLWTLK_1389.6886,0,0,0,0,0,1,0,0,0
YWFPVS_925.4698,0,0,0,0,0,0,0,0,0
PLADCYTS_1832.9303,0,0,0,0,0,0,0,0,0
KPLADCYT_1832.9303,0,0,0,0,0,0,0,0,0
LAEDQLQQGQLHGEESER_2229.0300,0,0,0,0,0,1,0,0,0
EDQLQQ_2273.0374,0,0,0,0,0,0,0,0,0
QLHADE_2273.0374,0,0,0,0,0,0,0,0,0
EPETLSFSQA_1777.8736,0,0,0,0,0,0,0,0,0
TSDLLGVGS_1834.9482,0,0,0,0,0,0,0,0,0
DANQLWTLK_1388.7112,0,0,0,0,0,0,0,0,0
NLPSMC_1735.7681,0,0,0,0,0,1,0,0,0
PEWESCFEK_1316.5378,0,0,0,0,0,0,0,0,0
YYPLCCDHLEQMT_2334.9187,0,0,0,0,0,1,0,0,0
EYPLCCDHLEQMT_2334.9187,0,0,0,0,0,0,0,0,0
WQLWD_1016.4830,0,0,0,0,0,1,0,0,0
SLFLD_1500.7170,0,0,0,0,0,1,0,0,0
LFLDN_1500.7170,0,0,0,0,0,1,0,0,0
LLFDVPN_1059.5710,0,0,0,0,0,2,0,0,0
AMEELL_1094.5674,0,0,0,0,0,1,0,0,0
VESYT_1299.6436,0,0,0,0,0,0,0,0,0
GENWGESGY_1561.6448,0,0,0,0,0,0,0,0,0
ALQLWPCK_1527.7276,0,0,0,0,0,0,0,0,0
QLWTLAQK_1527.7276,0,0,0,0,0,0,0,0,0
LWPCK_1128.5748,0,0,0,0,0,0,0,0,0
YTFAF_1309.5722,0,0,0,0,0,1,0,0,0
YTFAFG_1262.5580,0,0,0,0,0,0,0,0,0
AMEELLY_1094.5674,0,0,0,0,0,1,0,0,0
ENSVL_1779.8348,0,0,0,0,0,0,0,0,0
YTFAF_1879.8949,0,0,0,0,0,0,0,0,0
LADAMALAQHHD_2765.2698,0,0,0,0,0,0,0,0,0
DSLADAMALAQH_2765.2698,0,0,0,0,0,0,0,0,0
LPYGGSYQALYNA_1786.8630,0,0,0,0,0,1,0,0,0
LNFGGSYQALYNA_1786.8630,0,0,0,0,0,0,0,0,0
HHDAVT_2821.2913,0,0,0,0,0,1,0,0,0
AEDQLQQ_2228.0786,0,0,0,0,0,0,0,0,0
YPLCCDHLEQMT_2334.9163,0,0,0,0,0,1,0,0,0
PQTPLHET_1769.8202,0,0,0,0,0,0,0,0,0
VAMEELLY_1094.5674,0,0,0,0,0,1,0,0,0
QGQLH_3248.4327,0,0,0,0,0,0,0,0,0
YTFAF_1865.8436,0,0,0,0,0,0,0,0,0
TFAFG_1865.8436,0,0,0,0,0,0,0,0,0
NLGSLTNLK_1071.6278,0,0,0,0,0,1,0,0,0
YTFAF_1853.8738,0,0,0,0,0,0,0,0,0
SLGLLSR_944.5656,0,0,0,0,0,1,0,0,0
DANQLWT_1588.7942,0,0,0,0,0,0,0,0,0
DVTNAYVV_1439.7388,0,0,0,0,0,0,0,0,0
NLPSMC_1882.8355,0,0,0,0,0,0,0,0,0
CDHLE_2353.0394,0,0,0,0,0,0,0,0,0
CCDHLEQMT_2923.2465,0,0,0,0,0,0,0,0,0
TYYGEFENSGPGSNLS_2046.9346,0,0,0,0,0,0,0,0,0
LWTLK_1389.6960,0,0,0,0,0,1,0,0,0
WMENV_2034.0091,0,0,0,0,0,0,0,0,0
YLAEDQLQQGQLHGEESER_2229.0310,0,0,0,0,0,1,0,0,0
LPSMCGVS_1525.6707,0,0,0,0,0,0,0,0,0
EDQLQQ_2273.0378,0,0,0,0,0,0,0,0,0
QLHADE_2273.0378,0,0,0,0,0,0,0,0,0
PLCCDHLE_2320.9011,0,0,0,0,0,0,0,0,0
QLQQCCNQVEQ_2186.9883,0,0,0,0,0,0,0,0,0
QLQQCCNQVEQ_2057.9245,0,0,0,0,0,0,0,0,0
LNLPSALLT_1068.6542,0,0,0,0,0,1,0,0,0
YTFAFG_1309.5710,0,0,0,0,0,1,0,0,0
LPSMCGVS_2071.9953,0,0,0,0,0,0,0,0,0
LWSDY_1239.5776,0,0,0,0,0,1,0,0,0
YTFAFG_1319.5794,0,0,0,0,0,0,0,0,0
YLAEDQL_3696.6863,0,0,0,0,0,0,0,0,0
THLDDELYNQLVEK_1715.8346,0,0,0,0,0,1,0,0,0
FAYAWV_1268.6294,0,0,0,0,0,1,0,0,0
QGWFC_1268.6294,0,0,0,0,0,0,0,0,0
VLTLE_1883.9512,0,0,0,0,0,0,0,0,0
LYVLQNYLEDEYR_1715.8346,0,0,0,0,0,0,0,0,0
QESNQ_2146.0850,0,0,0,0,0,0,0,0,0
TDADQLWTLK_1390.6798,0,0,0,0,0,0,0,0,0
DADQLWTLK_1390.6798,0,0,0,0,0,0,0,0,0
DVFEAFR_1067.5034,0,0,0,0,0,0,0,0,0
VLTLENS_1883.9486,0,0,0,0,0,0,0,0,0
TLAMMGY_1474.6478,0,0,0,0,0,0,0,0,0
YPLCCDHLEQMT_2334.9194,0,0,0,0,0,1,0,0,0
DDWDT_1263.5482,0,0,0,0,0,1,0,0,0
DVFEAFR_1010.4818,0,0,0,0,0,0,0,0,0
FYNQEDTVTNQ_1840.8950,0,0,0,0,0,1,0,0,0
EVAPF_1468.6974,0,0,0,0,0,0,0,0,0
VLGMSLL_859.5206,0,1,1,0,0,0,0,0,0
WNCDFSQTATLT_1811.8156,0,0,0,0,0,1,0,0,0
PGFGTT_1439.6682,0,0,0,0,0,1,0,0,0
MGFGTT_1439.6682,0,0,0,0,0,0,0,0,0
GQDVFEAFR_1195.5624,0,0,0,0,0,0,0,0,0
NEVELTQLD_1711.8988,0,0,0,0,0,1,0,0,0
NEVELTQLDG_1711.8988,0,0,0,0,0,1,0,0,0
AEDQLQQGQLHGEESER_2229.0304,0,0,0,0,0,1,0,0,0
LWPCK_1527.7276,0,0,0,0,0,0,0,0,0
LVDLEYK_1048.5820,0,0,0,0,0,1,0,0,0
NEVELT_1696.8009,0,0,0,0,0,0,0,0,0
LPSMCGV_1525.6707,0,0,0,0,0,0,0,0,0
PNEVELTQ_1712.7958,0,0,0,0,0,0,0,0,0
QLHADE_2273.0362,0,0,0,0,0,0,0,0,0
QCCNQVEQ_1418.6695,0,0,0,0,0,0,0,0,0
ADVCMD_1604.7306,0,0,0,0,0,0,0,0,0
LEATK_2080.0536,0,0,0,0,0,0,0,0,0
PDPSVLTLE_1686.8194,0,0,0,0,0,0,0,0,0
DPSVLTLEN_1686.8194,0,0,0,0,0,0,0,0,0
EALCN_1328.7004,0,0,0,0,0,0,0,0,0
ELVSSS_1244.6430,0,0,0,0,0,0,0,0,0
ACTDYYEF_1354.5519,0,0,0,0,0,0,0,0,0
ELVSS_1076.5286,0,0,0,0,0,1,0,0,0
LCNVWEK_1445.6736,0,0,0,0,0,0,0,0,0
AAAGTECLLSGWGAA_1795.8217,0,0,0,0,0,0,0,0,0
YTFAFG_1309.5720,0,0,0,0,0,1,0,0,0
PSMCGVS_1639.7145,0,0,0,0,0,0,0,0,0
SYLGLT_1638.7870,0,0,0,0,0,1,0,0,0
LVDNEDFLK_1291.6644,0,1,1,0,0,0,0,0,0
LPSMCGVS_1710.7503,0,0,0,0,0,0,0,0,0
EDFLK_1291.5616,0,0,0,0,0,0,0,0,0
YCATWDADKPLA_1994.9318,0,0,0,0,0,1,0,0,0
LPSMC_1853.8325,0,0,0,0,0,0,0,0,0
TFDVA_2294.0845,0,0,0,0,0,0,0,0,0
AGATVQSYT_1628.8130,0,0,0,0,0,0,0,0,0
APDLTS_1723.9114,0,0,0,0,0,0,0,0,0
PDLTSG_1723.9114,0,0,0,0,0,0,0,0,0
TDANQLWTLK_1390.6892,0,0,0,0,0,0,0,0,0
LPSMC_1781.7869,0,0,0,0,0,0,0,0,0
TPEPLC_1439.7248,0,0,0,0,0,0,0,0,0
GPEPLC_1439.7248,0,0,0,0,0,0,0,0,0
LEPSY_1457.7588,0,0,0,0,0,0,0,0,0
LPSMC_1881.8243,0,0,0,0,0,0,0,0,0
LPSMC_1893.9557,0,0,0,0,0,0,0,0,0
NLPSM_1893.9557,0,0,0,0,0,0,0,0,0
ADASAATNWVR_1388.6666,0,0,0,0,0,1,0,0,0
NLPSMC_1778.7689,0,0,0,0,0,0,0,0,0
SMCGVS_1864.8264,0,0,0,0,0,0,0,0,0
LPSMC_1882.8377,0,0,0,0,0,0,0,0,0
MPVPPF_1186.6226,0,0,0,0,0,0,0,0,0
VLTLENSW_1358.7022,0,0,0,0,0,0,0,0,0
LHGEE_2230.0318,0,0,0,0,0,0,0,0,0
ETQQLQQCCNQVEQ_2314.0379,0,0,0,0,0,0,0,0,0
HPSVLTLE_1990.0492,0,0,0,0,0,0,0,0,0
TDWNQLWTL_1661.8304,0,0,0,0,0,0,0,0,0
PSVLTLE_1988.0436,0,0,0,0,0,0,0,0,0
TDWNQLWTL_2292.1764,0,0,0,0,0,0,0,0,0
PSMCGVSPTEF_1867.8059,0,0,0,0,0,0,0,0,0
YPLCCDHLEQMT_2334.9185,0,0,0,0,0,1,0,0,0
NLPSMC_1882.8377,0,0,0,0,0,0,0,0,0
TDWNQLW_2252.1826,0,0,0,0,0,0,0,0,0
YYPLCCDHLEQMT_2320.9301,0,0,0,0,0,0,0,0,0
PSMCGVSPTECFR_1867.8083,0,0,0,0,0,0,0,0,0
CGVSP_1865.8194,0,0,0,0,0,0,0,0,0
TDWNQLWTL_2251.1836,0,0,0,0,0,0,0,0,0
CMDPEPL_1387.6290,0,0,0,0,0,0,0,0,0
EDQLQQGQLH_2230.0310,0,0,0,0,0,0,0,0,0
DPSVLTLEN_1743.8405,0,0,0,0,0,0,0,0,0
PSVLTLENS_1743.8405,0,0,0,0,0,0,0,0,0
LPSMC_1881.8157,0,0,0,0,0,0,0,0,0
LCCDHLE_2967.2708,0,0,0,0,0,0,0,0,0
YPLCCDHLEQMT_2340.9230,0,0,0,0,0,0,0,0,0
VLTLED_1358.6824,0,0,0,0,0,0,0,0,0
DPSVLTLEN_1715.8459,0,0,0,0,0,0,0,0,0
DPSVLTLEN_1731.8408,0,0,0,0,0,0,0,0,0
TDWNQLWTLR_1660.8314,0,0,0,0,0,0,0,0,0
TWTFDVAQ_2096.9548,0,0,0,0,0,0,0,0,0
PSVLTLENS_1715.8459,0,0,0,0,0,0,0,0,0
FDLLS_1564.7656,0,0,0,0,0,0,0,0,0
PLCCDHLEQMT_2316.9106,0,0,0,0,0,0,0,0,0
YPLCC_2340.9230,0,0,0,0,0,0,0,0,0
DYPLC_2340.9230,0,0,0,0,0,0,0,0,0
LLSGWGN_1709.7568,0,0,0,0,0,0,0,0,0
AFGMELLR_935.4900,0,0,0,0,0,0,0,0,0
PLCCDHLE_2316.9106,0,0,0,0,0,0,0,0,0
SPLCCDHL_2316.9106,0,0,0,0,0,0,0,0,0
DPSVLTLE_1743.8426,0,0,0,0,0,0,0,0,0
PSVLTLEN_1743.8426,0,0,0,0,0,0,0,0,0
AEDQLQQGQLHGEE_2272.0312,0,0,0,0,0,0,0,0,0
YPLCCDHLEQMT_2334.9193,0,0,0,0,0,1,0,0,0
QDLSGFFK_1424.6908,0,0,0,0,0,1,0,0,0
VLTLE_1300.6756,0,0,0,0,0,0,0,0,0
FGPFLL_1348.6874,0,0,0,0,0,1,0,0,0
LAEDQLQQGQLHGEESER_2229.0270,0,0,0,0,0,1,0,0,0
VEQLR_1506.6751,0,0,0,0,0,0,0,0,0
AEDQLQQ_2272.0312,0,0,0,0,0,0,0,0,0
QLHGEE_2272.0312,0,0,0,0,0,0,0,0,0
ETQQLQECCNQVEQ_2315.0297,0,0,0,0,0,0,0,0,0
GELVDL_2195.1087,0,0,0,0,0,0,0,0,0
MTPNWEQFLN_2195.1087,0,0,0,0,0,0,0,0,0
LVMPV_1505.7257,0,0,0,0,0,1,0,0,0
DWNQLWTL_1660.8298,0,0,0,0,0,0,0,0,0
LCCDHLE_2316.9106,0,0,0,0,0,0,0,0,0
PLCCDHLE_2218.8626,0,0,0,0,0,0,0,0,0
CNCCDHLE_2218.8626,0,0,0,0,0,0,0,0,0
PLCCDHLEQMT_2332.9055,0,0,0,0,0,0,0,0,0
DPSVLTLE_1731.8408,0,0,0,0,0,0,0,0,0
PSVLTLEN_1731.8408,0,0,0,0,0,0,0,0,0
EGNEQFLNA_1471.6734,0,0,0,0,0,0,0,0,0
PLCCDHLEQMTS_2331.0293,0,0,0,0,0,0,0,0,0
LQESN_2258.1624,0,0,0,0,0,1,0,0,0
LEESN_2258.1624,0,0,0,0,0,0,0,0,0
LLSGWGN_1708.7544,0,0,0,0,0,0,0,0,0
WYELA_1254.6038,0,0,0,0,0,0,0,0,0
YPLCCDHLEQMT_2334.9189,0,0,0,0,0,1,0,0,0
VLTLENGL_1300.6756,0,0,0,0,0,0,0,0,0
EDQLQQ_2230.0304,0,0,0,0,0,0,0,0,0
QLHGEE_2230.0304,0,0,0,0,0,0,0,0,0
LCCDHLEEMT_2279.8935,0,0,0,0,0,0,0,0,0
LVMPVP_1505.7257,0,0,0,0,0,1,0,0,0
LHGEE_2229.0280,0,0,0,0,0,1,0,0,0
LQESNQ_2257.1556,0,0,0,0,0,0,0,0,0
CGVSPTE_1883.8257,0,0,0,0,0,0,0,0,0
ALQESNQGAFAS_2258.1642,0,0,0,0,0,1,0,0,0
AFASPL_2264.1492,0,0,0,0,0,0,0,0,0
NLPSMC_1910.8321,0,0,0,0,0,0,0,0,0
LEDCT_1850.8206,0,0,0,0,0,0,0,0,0
LEQQQSQGQLQGQDVFEA_2534.2212,0,0,0,0,0,1,0,0,0
DLPSMC_1883.8301,0,0,0,0,0,0,0,0,0
LPSMCG_1883.8301,0,0,0,0,0,0,0,0,0
QDVFEA_2536.2088,0,0,0,0,0,0,0,0,0
AFASP_2933.2834,0,0,0,0,0,0,0,0,0
DPSVLTLE_1727.8484,0,0,0,0,0,1,0,0,0
CATWD_1995.9350,0,0,0,0,0,0,0,0,0
FCATW_1995.9350,0,0,0,0,0,0,0,0,0
CEALK_1978.8983,0,0,0,0,0,0,0,0,0
SLAED_1978.8983,0,0,0,0,0,0,0,0,0
AEDQLQQGQLHGEE_2229.0270,0,0,0,0,0,1,0,0,0
EELVSSC_1077.5312,0,0,0,0,0,0,0,0,0
YYPLCCDHLEQMT_2334.9164,0,0,0,0,0,1,0,0,0
LPEMC_1924.8461,0,0,0,0,0,0,0,0,0
NMFDAQVD_1558.6920,0,0,0,0,0,1,0,0,0
PSVLTLE_1800.8788,0,0,0,0,0,0,0,0,0
DQCSNG_1921.8840,0,0,0,0,0,1,0,0,0
LDLDE_1921.8840,0,0,0,0,0,1,0,0,0
LDLDE_1921.8827,0,0,0,0,0,1,0,0,0
LQESNQ_2258.1642,0,0,0,0,0,1,0,0,0
DQLQQ_2273.0400,0,0,0,0,0,0,0,0,0
ALQES_2315.1860,0,0,0,0,0,0,0,0,0
VSPTE_1924.8468,0,0,0,0,0,0,0,0,0
LPSMC_1882.8355,0,0,0,0,0,0,0,0,0
WNQLWTLR_1115.5872,0,0,0,0,0,0,0,0,0
DPSVLTLE_1727.8470,0,0,0,0,0,1,0,0,0
LTEQDALNL_1765.8714,0,0,0,0,0,0,0,0,0
LTWNYNYGAA_1767.8782,0,0,0,0,0,0,0,0,0
LTWNYNY_1767.8782,0,0,0,0,0,0,0,0,0
YPLCCDHLEQMT_2278.8987,0,0,0,0,0,0,0,0,0
FLEALNSY_1630.8346,0,0,0,0,0,0,0,0,0
LLEALNSY_1630.8346,0,0,0,0,0,0,0,0,0
AFLEALNSYS_1630.8346,0,0,0,0,0,0,0,0,0
SNTDWNQLWTL_1660.8324,0,0,0,0,0,0,0,0,0
FDLLS_1565.7512,0,0,0,0,0,0,0,0,0
DSWGCFVEK_1255.5326,0,0,0,0,0,0,0,0,0
LQESNQGAFAS_2258.1642,0,0,0,0,0,1,0,0,0
AALDWACG_1459.6942,0,0,0,0,0,0,0,0,0
DQCSN_1923.8546,0,0,0,0,0,0,0,0,0
LDLDEV_1923.8546,0,0,0,0,0,0,0,0,0
PSMCGVSSDE_1906.8253,0,0,0,0,0,0,0,0,0
FQYAETWFR_1246.5772,0,0,0,0,0,1,0,0,0
LPSMC_2002.8423,0,0,0,0,0,0,0,0,0
VLAATS_1826.8015,0,0,0,0,0,0,0,0,0
QLTWNYNYGAA_1769.8184,0,0,0,0,0,0,0,0,0
ASVAPFDVCFSR_1396.6796,0,0,0,0,0,0,0,0,0
LVLAATSGN_1870.8334,0,0,0,0,0,0,0,0,0
VLAATSGNS_1870.8334,0,0,0,0,0,0,0,0,0
LWTLR_1548.7286,0,0,0,0,0,0,0,0,0
EDQLQQGQLHGEE_2230.0320,0,0,0,0,0,0,0,0,0
LVLAATS_2676.4464,0,0,0,0,0,0,0,0,0
VLAAT_1930.0244,0,0,0,0,0,0,0,0,0
LVLAAT_2673.4265,0,0,0,0,0,0,0,0,0
LVLAATS_2491.0598,0,0,0,0,0,0,0,0,0
LQEDNQ_2287.1606,0,0,0,0,0,0,0,0,0
PSMCGVS_1865.9001,0,0,0,0,0,0,0,0,0
LPSLC_1864.8749,0,0,0,0,0,0,0,0,0
WLEDCTSEK_1251.5434,0,0,0,0,0,0,0,0,0
QDVFEA_1836.8718,0,0,0,0,0,0,0,0,0
LQESDQGAFAS_2259.1570,0,0,0,0,0,0,0,0,0
ALQLWPCK_1243.6000,0,0,0,0,0,0,0,0,0
LAATS_1940.8619,0,0,0,0,0,0,0,0,0
LWPCK_1244.6060,0,0,0,0,0,0,0,0,0
VVCADL_1814.9338,0,0,0,0,0,0,0,0,0
DPSVLTLED_1728.8316,0,0,0,0,0,0,0,0,0
YPLCCDHLEQMT_2322.9013,0,0,0,0,0,0,0,0,0
LQGQDVFEA_1621.7842,0,0,0,0,0,0,0,0,0
DLLSGGCDQ_1621.7842,0,0,0,0,0,0,0,0,0
LVLAAT_2649.4288,0,0,0,0,0,0,0,0,0
LQGQDVFEAFR_1493.7252,0,0,0,0,0,0,0,0,0
QDVFEA_1708.8162,0,0,0,0,0,0,0,0,0
NPTSGLVLAATSGN_2001.0716,0,0,0,0,0,1,0,0,0
LVLAATS_1980.8753,0,0,0,0,0,0,0,0,0
LVLAATS_1924.8521,0,0,0,0,0,0,0,0,0
LVLAATSGN_1884.8401,0,0,0,0,0,0,0,0,0
LDLDE_1922.8582,0,0,0,0,0,0,0,0,0
SVAPFDVCFSR_1396.6796,0,0,0,0,0,0,0,0,0
DVFEA_1710.9330,0,0,0,0,0,0,0,0,0
FDLLS_1565.7554,0,0,0,0,0,0,0,0,0
LSWVTPDE_1684.8652,0,0,0,0,0,1,0,0,0
AEDQLQQGQLHGEE_2229.0312,0,0,0,0,0,1,0,0,0
EMLLNPAT_1906.8944,0,0,0,0,0,1,0,0,0
WCSPK_1906.8944,0,0,0,0,0,1,0,0,0
ADATVE_1687.8036,0,0,0,0,0,0,0,0,0
LEQLA_1892.9497,0,0,0,0,0,0,0,0,0
PSVLTLED_1727.8472,0,0,0,0,0,0,0,0,0
LEQLA_1892.9486,0,0,0,0,0,0,0,0,0
LVVQLA_1267.7308,0,0,0,0,0,1,0,0,0
TDWDQLWTL_1661.8164,0,0,0,0,0,0,0,0,0
ADTGM_1593.7488,0,0,0,0,0,1,0,0,0
MTGMG_1593.7488,0,0,0,0,0,0,0,0,0
DPSYLD_1796.8696,0,0,0,0,0,1,0,0,0
LDLDE_1921.9006,0,0,0,0,0,1,0,0,0
FMEDVPTF_1243.5618,0,0,0,0,0,1,0,0,0
QGQDVFEA_1436.7032,0,0,0,0,0,0,0,0,0
DPSYLD_1796.8410,0,0,0,0,0,1,0,0,0
SACLMYVAASS_1485.6937,0,0,0,0,0,1,0,0,0
ATWDADKPLA_1978.9340,0,0,0,0,0,1,0,0,0
ALQESNQGAFAS_2258.1638,0,0,0,0,0,1,0,0,0
AFCATWDADK_1979.9400,0,0,0,0,0,0,0,0,0
SAFCATWDAD_1979.9400,0,0,0,0,0,0,0,0,0
LWPCK_1569.7512,0,0,0,0,0,0,0,0,0
QLWPC_1569.7512,0,0,0,0,0,0,0,0,0
LVLAATSGNS_1931.8613,0,0,0,0,0,0,0,0,0
PDPSVLTLED_1728.8316,0,0,0,0,0,0,0,0,0
LQLTWNYNY_1869.8642,0,0,0,0,0,0,0,0,0
PGQLTWNYN_1869.8642,0,0,0,0,0,0,0,0,0
LNPTSGLVLAATSGN_2001.0716,0,0,0,0,0,1,0,0,0
LLALA_1242.7120,0,0,0,0,0,1,0,0,0
ALQLWPCK_1569.7512,0,0,0,0,0,0,0,0,0
QLWPCK_1569.7512,0,0,0,0,0,0,0,0,0
WTWTFDVAQ_2138.9852,0,0,0,0,0,0,0,0,0
QDVFEA_2336.1252,0,0,0,0,0,0,0,0,0
SACLMYVAASS_1483.7237,0,0,0,0,0,0,0,0,0
QCSDG_1922.8704,0,0,0,0,0,0,0,0,0
LDLDE_1922.8704,0,0,0,0,0,0,0,0,0
LEQQQSQ_2516.2036,0,0,0,0,0,0,0,0,0
AQQEQSQ_2516.2036,0,0,0,0,0,0,0,0,0
PSVLTLENSW_1727.8483,0,0,0,0,0,1,0,0,0
LNPTSGLVLAATSGN_2029.0716,0,0,0,0,0,0,0,0,0
VLTLE_2685.3984,0,0,0,0,0,0,0,0,0
DPPSVLTLENSW_1569.7774,0,0,0,0,0,0,0,0,0
PDPSVLTLE_2597.3368,0,0,0,0,0,0,0,0,0
DPSVLTLENSW_1727.8458,0,0,0,0,0,1,0,0,0
PDPSVLTLE_2491.2900,0,0,0,0,0,0,0,0,0
LNPTS_1985.0508,0,0,0,0,0,0,0,0,0
LVLAATS_1985.0508,0,0,0,0,0,0,0,0,0
PDPSVLTLE_2610.3104,0,0,0,0,0,0,0,0,0
PDPSVLTLE_2448.2522,0,0,0,0,0,0,0,0,0
PDPSVLTLE_2407.2494,0,0,0,0,0,0,0,0,0
PDPSVLTLE_2406.2560,0,0,0,0,0,0,0,0,0
PDPSVLTLE_2655.3494,0,0,0,0,0,0,0,0,0
VDLPLT_1352.7916,0,0,0,0,0,1,0,0,0
LPSMC_1882.8273,0,0,0,0,0,0,0,0,0
LVLAATD_2029.0716,0,0,0,0,0,0,0,0,0
LQESN_2258.1632,0,0,0,0,0,1,0,0,0
GAFAS_2258.1632,0,0,0,0,0,1,0,0,0
DVFEA_1278.5721,0,0,0,0,0,0,0,0,0
LEQQQSQGQLQGQDVFEA_2534.2142,0,0,0,0,0,1,0,0,0
AEDQLQQ_2231.0414,0,0,0,0,0,0,0,0,0
QLHGEE_2231.0414,0,0,0,0,0,0,0,0,0
LNPTSGLVLAATSGDS_2002.0580,0,0,0,0,0,0,0,0,0
TNPTSGLVLAAPTDQY_2002.0580,0,0,0,0,0,0,0,0,0
GQDVFE_2540.1972,0,0,0,0,0,0,0,0,0
QDVFEA_2897.4316,0,0,0,0,0,0,0,0,0
DSQGQLQ_2362.9091,0,0,0,0,0,0,0,0,0
QDVFEA_2362.9091,0,0,0,0,0,0,0,0,0
PDPSVLTLE_1785.8702,0,0,0,0,0,0,0,0,0
DVFEA_2990.4706,0,0,0,0,0,0,0,0,0
PDPSVLTLE_2451.2806,0,0,0,0,0,0,0,0,0
PDPSVLTLE_2490.2744,0,0,0,0,0,0,0,0,0
LVLAATSGDS_1882.8273,0,0,0,0,0,0,0,0,0
LVLAATS_2767.4940,0,0,0,0,0,0,0,0,0
WVASSL_1866.9345,0,0,0,0,0,0,0,0,0
DVFEA_2519.1904,0,0,0,0,0,0,0,0,0
QLQGQDVFEA_2593.2378,0,0,0,0,0,0,0,0,0
NLPSMC_1882.8273,0,0,0,0,0,0,0,0,0
SVLTLE_2491.1896,0,0,0,0,0,0,0,0,0
DVFEA_3296.6382,0,0,0,0,0,0,0,0,0
QVASSL_1865.9371,0,0,0,0,0,0,0,0,0
LNYLK_1865.9371,0,0,0,0,0,0,0,0,0
DPDVLTLENS_1755.8396,0,0,0,0,0,0,0,0,0
LQESNQGAFAS_2258.1650,0,0,0,0,0,1,0,0,0
GQDVFE_2540.1975,0,0,0,0,0,0,0,0,0
VWAAAS_1489.6774,0,0,0,0,0,0,0,0,0
EQQQSQGQLQ_2533.1990,0,0,0,0,0,0,0,0,0
QDVFEA_2533.1990,0,0,0,0,0,0,0,0,0
DDCSQGQLQG_2533.1990,0,0,0,0,0,0,0,0,0
DVFEAF_2533.1990,0,0,0,0,0,0,0,0,0
LLPTSGLVLAK_2002.0580,0,0,0,0,0,0,0,0,0
MGDSG_2002.0580,0,0,0,0,0,0,0,0,0
QQSQGQLQGQDVFEA_2534.2142,0,0,0,0,0,1,0,0,0
ELVSS_1076.5292,0,0,0,0,0,1,0,0,0
QDVFEA_2362.9049,0,0,0,0,0,0,0,0,0
QQQSQ_2515.1215,0,0,0,0,0,0,0,0,0
QLQGQDVFEA_2515.1215,0,0,0,0,0,0,0,0,0
TNPTSGLVLAATSGHG_2002.0580,0,0,0,0,0,0,0,0,0
EDQLQQGQLHGEE_2229.0254,0,0,0,0,0,1,0,0,0
YAVLLGD_1104.6184,0,0,0,0,0,1,0,0,0
PLQLWPCK_1269.6168,0,0,0,0,0,0,0,0,0
LLYDL_1216.6700,0,0,0,0,0,1,0,0,0
LPTSGLVLAMK_2002.0580,0,0,0,0,0,0,0,0,0
CETSGLVLAATSGMPM_2002.0580,0,0,0,0,0,0,0,0,0
YAVLL_1104.6194,0,0,0,0,0,1,0,0,0
LTLENSW_1728.8488,0,0,0,0,0,0,0,0,0
SQQQA_2361.1040,0,0,0,0,0,0,0,0,0
LVLAATSGDS_1947.9052,0,0,0,0,0,0,0,0,0
LVLAATSGDS_2003.1404,0,0,0,0,0,0,0,0,0
VLTLE_1726.7584,0,0,0,0,0,0,0,0,0
DPSVLTLEN_1727.8458,0,0,0,0,0,1,0,0,0
PDPSVLTLE_1727.8458,0,0,0,0,0,1,0,0,0
DPSVLTLENS_1727.8458,0,0,0,0,0,1,0,0,0
DPSVLTLEN_1728.8478,0,0,0,0,0,0,0,0,0
CMDPE_1343.5920,0,0,0,0,0,0,0,0,0
VASSL_1865.9371,0,0,0,0,0,0,0,0,0
GDLSDNWE_1710.7484,0,0,0,0,0,1,0,0,0
GAFAS_2259.1676,0,0,0,0,0,1,0,0,0
LVLAAT_2000.1444,0,0,0,0,0,0,0,0,0
EQQQSQ_2534.2142,0,0,0,0,0,1,0,0,0
QLQGQDVFEA_2534.2142,0,0,0,0,0,1,0,0,0
ELVSSC_1076.5292,0,0,0,0,0,1,0,0,0
TDWNQL_1548.7280,0,0,0,0,0,0,0,0,0
VWAAAS_1503.6914,0,0,0,0,0,0,0,0,0
EDADK_1571.7164,0,0,0,0,0,0,0,0,0
LQGQDVFEA_1629.7326,0,0,0,0,0,0,0,0,0
YAVLLG_1104.6184,0,0,0,0,0,1,0,0,0
VLSFYSDALCK_1459.7000,0,0,0,0,0,0,0,0,0
QWLHWEMPK_1459.7000,0,0,0,0,0,0,0,0,0
DPTSGLVLAATSGNS_2003.0544,0,0,0,0,0,0,0,0,0
AEDELQQGQLHGEE_2229.0254,0,0,0,0,0,0,0,0,0
QDVFEA_2563.2112,0,0,0,0,0,0,0,0,0
QDVFEA_2531.1356,0,0,0,0,0,0,0,0,0
LQLWPCK_1171.5810,0,0,0,0,0,0,0,0,0
QDVFEA_2516.1445,0,0,0,0,0,0,0,0,0
ALEQQQS_2540.1975,0,0,0,0,0,0,0,0,0
LQGQDVFEA_2540.1975,0,0,0,0,0,0,0,0,0
MEQQQSS_2540.1975,0,0,0,0,0,0,0,0,0
QGQDVFEAF_2540.1975,0,0,0,0,0,0,0,0,0
AWQEVGH_1352.6626,0,0,0,0,0,0,0,0,0
ECCDEQA_2540.1975,0,0,0,0,0,0,0,0,0
QQSSMTLQG_2540.1975,0,0,0,0,0,0,0,0,0
ALEQQ_2540.1975,0,0,0,0,0,0,0,0,0
LQGQDVFE_2540.1975,0,0,0,0,0,0,0,0,0
PDPSVLTLE_1727.8456,0,0,0,0,0,1,0,0,0
VFQYSVLL_1919.9176,0,0,0,0,0,0,0,0,0
DVFEA_2519.1942,0,0,0,0,0,0,0,0,0
VWAAAS_1504.6956,0,0,0,0,0,0,0,0,0
QLQGQDVFEA_2577.2278,0,0,0,0,0,0,0,0,0
YSVLL_1903.9253,0,0,0,0,0,0,0,0,0
VLAAT_1945.0532,0,0,0,0,0,0,0,0,0
DVFEA_1681.7494,0,0,0,0,0,0,0,0,0
YTYDAFLSA_1452.6916,0,0,0,0,0,1,0,0,0
YTYDAFLSAA_1452.6916,0,0,0,0,0,1,0,0,0
DPSVLTLED_1728.8314,0,0,0,0,0,0,0,0,0
TLSPT_1641.8624,0,0,0,0,0,1,0,0,0
AEDQLQQGQLHGEE_2229.0278,0,0,0,0,0,1,0,0,0
NSDQLQQGQLHGEE_2229.0278,0,0,0,0,0,0,0,0,0
LWCLR_1324.6958,0,0,0,0,0,1,0,0,0
ENFYEDLY_1528.7446,0,0,0,0,0,1,0,0,0
DVFEA_2540.1975,0,0,0,0,0,0,0,0,0
VLTLED_1694.7630,0,0,0,0,0,0,0,0,0
QDVFEA_2556.1936,0,0,0,0,0,0,0,0,0
QLWPCK_1111.5474,0,0,0,0,0,0,0,0,0
QDFYEDLY_1528.7446,0,0,0,0,0,0,0,0,0
HFYNP_2008.9670,0,0,0,0,0,0,0,0,0
YHFYN_2008.9670,0,0,0,0,0,0,0,0,0
HFYNP_2007.9576,0,0,0,0,0,1,0,0,0
LFYNP_2007.9576,0,0,0,0,0,0,0,0,0
LTSFLDPDGW_1277.6280,0,0,0,0,0,0,0,0,0
HFYNPAQL_2007.9576,0,0,0,0,0,1,0,0,0
YVMLYDC_2368.0562,0,0,0,0,0,0,0,0,0
EQQQSQGQLQGQDVFEA_2534.2142,0,0,0,0,0,1,0,0,0
DPSVLTLE_1653.8004,0,0,0,0,0,0,0,0,0
YSVLL_1959.0969,0,0,0,0,0,0,0,0,0
LDPDGW_1262.5213,0,0,0,0,0,0,0,0,0
LWTLR_1548.7292,0,0,0,0,0,0,0,0,0
VWVDE_1557.7944,0,0,0,0,0,1,0,0,0
LQESN_2244.1819,0,0,0,0,0,0,0,0,0
DPSVLTLE_1756.8462,0,0,0,0,0,0,0,0,0
PDPSVLTL_1756.8462,0,0,0,0,0,0,0,0,0
PDPSVLTLEN_1727.8472,0,0,0,0,0,1,0,0,0
DPSVLTLENS_1727.8472,0,0,0,0,0,1,0,0,0
AMNELQQGQLHGEE_2229.0278,0,0,0,0,0,0,0,0,0
LDPDGW_1262.5255,0,0,0,0,0,0,0,0,0
AEDQLQQ_2229.0298,0,0,0,0,0,1,0,0,0
ENFYEDLYP_1528.7446,0,0,0,0,0,1,0,0,0
DPSVLTLEN_1728.8428,0,0,0,0,0,0,0,0,0
VFQYSVLL_1903.9253,0,0,0,0,0,0,0,0,0
FNLNANL_1374.7144,0,0,0,0,0,0,0,0,0
DPSVLTLEN_1727.8430,0,0,0,0,0,1,0,0,0
PSVLTLENS_1727.8430,0,0,0,0,0,1,0,0,0
AEDQLQQ_2229.0278,0,0,0,0,0,1,0,0,0
QLHGEE_2229.0278,0,0,0,0,0,1,0,0,0
EADELQQ_2229.0278,0,0,0,0,0,0,0,0,0
LHGEE_2229.0286,0,0,0,0,0,1,0,0,0
YPLCCDHLEQMT_2362.9297,0,0,0,0,0,0,0,0,0
NLPSMC_1925.8411,0,0,0,0,0,0,0,0,0
LTSFLDPD_1277.6280,0,0,0,0,0,0,0,0,0
YPLCCDHLEQMTSQ_2320.9032,0,0,0,0,0,0,0,0,0
YYEYLDYF_1330.5846,0,0,0,0,0,1,0,0,0
SGYPTVQWFPK_1627.8018,0,0,0,0,0,1,0,0,0
QFYQSGLFT_1578.7476,0,0,0,0,0,1,0,0,0
YSVLL_1959.0935,0,0,0,0,0,0,0,0,0
DWNQLWTL_1643.8050,0,0,0,0,0,0,0,0,0
DWNQLWTLR_1643.8050,0,0,0,0,0,0,0,0,0
PMVCLQ_1544.7203,0,0,0,0,0,0,0,0,0
PSLLTLENSW_1742.8636,0,0,0,0,0,0,0,0,0
DPSLLTLENS_1742.8636,0,0,0,0,0,0,0,0,0
DPSVLTLEN_1728.8496,0,0,0,0,0,0,0,0,0
TDWDQLWTLR_1533.7196,0,0,0,0,0,0,0,0,0
TDWNQLWTL_1703.8364,0,0,0,0,0,0,0,0,0
DWNQLWTL_1703.8364,0,0,0,0,0,0,0,0,0
LCTFDYE_1880.8504,0,0,0,0,0,0,0,0,0
CTFDYET_1880.8504,0,0,0,0,0,0,0,0,0
EQQQSQ_2534.2130,0,0,0,0,0,1,0,0,0
QLQGQDVFEA_2534.2130,0,0,0,0,0,1,0,0,0
TDWDQLWTLR_1534.7222,0,0,0,0,0,0,0,0,0
NLPSMC_1910.8303,0,0,0,0,0,0,0,0,0
YSVLL_1945.9536,0,0,0,0,0,0,0,0,0
VVNLVTQELG_1542.8242,0,0,0,0,0,0,0,0,0
ALDFT_2110.9698,0,1,1,0,0,0,0,0,0
MVCLQML_1584.7447,0,0,0,0,0,1,0,0,0
EVVNL_1564.8062,0,0,0,0,0,0,0,0,0
ELGGK_1564.8062,0,0,0,0,0,0,0,0,0
VNLVTQEL_1542.8242,0,0,0,0,0,0,0,0,0
EDQLQQ_2229.0288,0,0,0,0,0,1,0,0,0
QLHGEE_2229.0288,0,0,0,0,0,1,0,0,0
LEALNSYSGF_1502.7380,0,0,0,0,0,1,0,0,0
LNALDSYSQF_1674.7862,0,0,0,0,0,0,0,0,0
QQSQGQLQGQDVFEA_2534.2122,0,0,0,0,0,1,0,0,0
EALNSYS_1505.6794,0,0,0,0,0,0,0,0,0
LPSMC_1925.8487,0,0,0,0,0,0,0,0,0
VVNLVTQELG_1527.8317,0,0,0,0,0,0,0,0,0
TDWNQLWTL_1702.8364,0,0,0,0,0,0,0,0,0
DVFEA_1692.7834,0,0,0,0,0,0,0,0,0
SACLMYVAA_1486.6976,0,0,0,0,0,0,0,0,0
EDNLLQFDLAS_1719.8688,0,0,0,0,0,1,0,0,0
DPSVLTLEN_1727.8462,0,0,0,0,0,1,0,0,0
EQQQSQGQLQGQDVFEA_2534.2144,0,0,0,0,0,1,0,0,0
LMYVA_1485.6975,0,0,0,0,0,1,0,0,0
WEGSES_1842.8178,0,0,0,0,0,0,0,0,0
FFSDVS_1741.7822,0,0,0,0,0,1,0,0,0
VFDLSPQEYLL_1450.7688,0,0,0,0,0,1,0,0,0
VFDLS_1450.7688,0,0,0,0,0,1,0,0,0
YSVWAL_1824.9028,0,0,0,0,0,1,0,0,0
LVVHL_1555.9459,0,0,0,0,0,1,0,0,0
ADTVE_1748.8804,0,0,0,0,0,1,0,0,0
AEDQL_2229.0210,0,0,0,0,0,1,0,0,0
MDVAASEF_1555.7954,0,0,0,0,0,0,0,1,0
EYYAVEEK_1356.5892,0,0,0,0,0,0,0,0,0
LYYAVEEK_1356.5892,0,0,0,0,0,0,0,0,0
QDVFEA_2517.1844,0,0,0,0,0,0,0,0,0
GQDVFE_2517.1844,0,0,0,0,0,0,0,0,0
SACLMYVAASS_1485.6934,0,0,0,0,0,1,0,0,0
DSLLDSLQEK_1380.6768,0,0,0,0,0,1,0,0,0
LPSMC_1882.8337,0,0,0,0,0,0,0,0,0
LYYVNLMALR_1428.7422,0,0,0,0,0,1,0,0,0
LAPLLAEMAK_1202.6726,0,0,0,0,0,1,0,0,0
LEQQQSQGQLQGQDVFEA_2534.2118,0,0,0,0,0,1,0,0,0
LDNDLMLL_2283.1548,0,0,0,0,0,0,0,0,0
TDWNQLWTLR_1532.7318,0,0,0,0,0,1,0,0,0
ADTVEDQTEQLLK_1748.8804,0,0,0,0,0,1,0,0,0
LVMPVP_1505.7265,0,0,0,0,0,1,0,0,0
LAEDQLQQGQLH_2229.0292,0,0,0,0,0,1,0,0,0
SACLMYVAASS_1486.6978,0,0,0,0,0,0,0,0,0
LPSMC_1882.8371,0,0,0,0,0,0,0,0,0
TDWNQLWTLR_1535.7442,0,0,0,0,0,0,0,0,0
LEQQQSQGQLQGQDVFEA_2534.2102,0,0,0,0,0,1,0,0,0
LWTLR_1059.5738,0,0,0,0,0,0,0,0,0
FVDNLDFLK_1295.6746,0,1,1,0,0,1,0,0,0
DWNQLWTL_1515.7138,0,0,0,0,0,0,0,0,0
TDWNQLWTLR_1532.7358,0,0,0,0,0,1,0,0,0
PSANQAQFSTF_2108.0870,0,0,0,0,0,1,0,0,0
AEDQLQQGQLHGEE_2229.0234,0,0,0,0,0,1,0,0,0
NSDQLQQGQLHGEE_2229.0234,0,0,0,0,0,0,0,0,0
EVDTTNLYY_2436.1426,0,0,0,0,0,1,0,0,0
QLWTLR_1058.5726,0,0,0,0,0,0,0,0,0
SACLMYVAASS_1486.6968,0,0,0,0,0,0,0,0,0
LEQQQSQGQLQGQDVFEA_2534.2120,0,0,0,0,0,1,0,0,0
TDWNQLWT_1589.7620,0,0,0,0,0,0,0,0,0
DPSVLTLEN_1727.8442,0,0,0,0,0,1,0,0,0
TDWNQLWLV_1587.7800,0,0,0,0,0,0,0,0,0
TDWNQLMLV_1587.7800,0,0,0,0,0,0,0,0,0
YLYDAFK_1923.8984,0,0,0,0,0,0,0,0,0
SACLMYVAA_1485.6934,0,0,0,0,0,1,0,0,0
LPSLWA_1655.8656,0,0,0,0,0,1,0,0,0
DPSVLTLEDS_1771.8390,0,0,0,0,0,0,0,0,0
TLLFE_2069.0392,0,0,0,0,0,0,0,0,0
LEQQQSQGQLQGQDVFEA_2534.2146,0,0,0,0,0,1,0,0,0
VTLLFE_2067.0440,0,0,0,0,0,0,0,0,0
WNQLWTLR_1331.6622,0,0,0,0,0,0,0,0,0
TDWNQLWTLR_1532.7362,0,0,0,0,0,1,0,0,0
TDWNQLWT_1529.7632,0,0,0,0,0,0,0,0,0
VEDAYDLVNF_1646.7820,0,0,0,0,0,0,0,0,0
VMPVP_1471.7392,0,0,0,0,0,0,0,0,0
LYDAFK_1923.8960,0,0,0,0,0,0,0,0,0
SACLMYVAAS_1485.6966,0,0,0,0,0,1,0,0,0
EDQLQQ_2229.0292,0,0,0,0,0,1,0,0,0
QLHGEE_2229.0292,0,0,0,0,0,1,0,0,0
ENELQQ_2229.0292,0,0,0,0,0,0,0,0,0
QQSQGQLQGQDVFEA_2535.2212,0,0,0,0,0,0,0,0,0
DWNQLWTLR_1533.7388,0,0,0,0,0,0,0,0,0
QDVFEA_1820.8546,0,0,0,0,0,0,0,0,0
LVMPVP_1505.7253,0,0,0,0,0,1,0,0,0
LPSMC_1882.8323,0,0,0,0,0,0,0,0,0
LVMPVP_1562.7477,0,0,0,0,0,0,0,0,0
QQSQGQLQGQDVFEA_2535.2168,0,0,0,0,0,0,0,0,0
TDWNQLWT_1533.7158,0,0,0,0,0,0,0,0,0
DWNQLWTL_1533.7158,0,0,0,0,0,0,0,0,0
PSVLTLEN_1771.8530,0,0,0,0,0,0,0,0,0
QQSQGQLQGQDVFEA_2535.2228,0,0,0,0,0,0,0,0,0
WVPSSK_1969.9802,0,0,0,0,0,1,0,0,0
LWVPSSK_1969.9802,0,0,0,0,0,1,0,0,0
DQLQQ_2230.0292,0,0,0,0,0,0,0,0,0
QLHWE_2230.0292,0,0,0,0,0,0,0,0,0
LVATN_2098.0908,0,0,0,0,0,1,0,0,0
PDPSVLTLENSW_1770.8524,0,0,0,0,0,0,0,0,0
VCLQMLSEA_1585.7484,0,0,0,0,0,0,0,0,0
DVFEA_2480.1400,0,0,0,0,0,0,0,0,0
QDVFEA_1709.8364,0,0,0,0,0,0,0,0,0
WLQGQDVFEA_1709.8364,0,0,0,0,0,0,0,0,0
LMYVAA_2154.0178,0,0,0,0,0,0,0,0,0
LGFSSLLF_1095.6080,0,0,0,0,0,1,0,0,0
DVFEA_1668.7734,0,0,0,0,0,0,0,0,0
QQSQGQLQGQDVFEA_2517.1874,0,0,0,0,0,0,0,0,0
QDVFEA_2534.2088,0,0,0,0,0,1,0,0,0
DVFEA_2534.2088,0,0,0,0,0,1,0,0,0
ESSLLF_1092.5916,0,0,0,0,0,0,0,0,0
LQGQDVFEA_1675.7596,0,0,0,0,0,0,0,0,0
MVCLQMLSEAA_1584.7458,0,0,0,0,0,1,0,0,0
DVFEAFR_2523.1721,0,0,0,0,0,0,0,0,0
VFEAFR_2539.1670,0,0,0,0,0,0,0,0,0
VFEAFR_2481.1400,0,0,0,0,0,0,0,0,0
LTPVALME_1724.8326,0,0,0,0,0,0,0,0,0
TAATD_2044.0808,0,0,0,0,0,0,0,0,0
LVLAATSTD_2044.0808,0,0,0,0,0,0,0,0,0
LQGQDVFEA_1679.7736,0,0,0,0,0,0,0,0,0
LNPTSGLVLAATSGNS_2044.0808,0,0,0,0,0,0,0,0,0
LDPTSGLVLAATSTDA_2044.0808,0,0,0,0,0,0,0,0,0
VLAATS_1363.6722,0,0,0,0,0,0,0,0,0
LAATS_1362.6700,0,0,0,0,0,0,0,0,0
SQGQLQGQDVFEA_2517.1874,0,0,0,0,0,0,0,0,0
TDWNQLWTLR_1532.7350,0,0,0,0,0,1,0,0,0
DWNQLWTLR_1532.7350,0,0,0,0,0,1,0,0,0
QDVFEA_1679.7736,0,0,0,0,0,0,0,0,0
QQSQGQLQGQDVFEA_2534.2088,0,0,0,0,0,1,0,0,0
EQQQSQGQLQGQDVFEA_2534.2088,0,0,0,0,0,1,0,0,0
QDVFEA_2536.2200,0,0,0,0,0,0,0,0,0
LNPTSGLVLAATSGN_2044.0808,0,0,0,0,0,0,0,0,0
MMTSGLVLAATSTDA_2044.0808,0,0,0,0,0,0,0,0,0
LVLAATS_2041.2302,0,0,0,0,0,0,0,0,0
LNPTS_2044.0808,0,0,0,0,0,0,0,0,0
LVLAATS_2044.0808,0,0,0,0,0,0,0,0,0
VLAATSG_2044.0808,0,0,0,0,0,0,0,0,0
QDVFEA_1693.7844,0,0,0,0,0,0,0,0,0
DVFEA_1679.7736,0,0,0,0,0,0,0,0,0
DVFEA_1693.7844,0,0,0,0,0,0,0,0,0
LQGQDVFEA_1692.7810,0,0,0,0,0,0,0,0,0
THLFTD_2330.2738,0,0,0,0,0,0,0,0,0
ELETEVS_1808.8301,0,0,0,0,0,1,0,0,0
QDVFEA_2545.1776,0,0,0,0,0,0,0,0,0
DVFEAF_2545.1776,0,0,0,0,0,0,0,0,0
LHGEE_2229.0310,0,0,0,0,0,1,0,0,0
LTHLFTD_2331.0762,0,0,0,0,0,0,0,0,0
EALTHLFTDV_1968.9210,0,0,0,0,0,0,0,0,0
DVFEA_1640.7158,0,0,0,0,0,0,0,0,0
LQGQDVFEA_2535.2186,0,0,0,0,0,0,0,0,0
SYSQF_1674.8089,0,0,0,0,0,0,0,0,0
DVFEA_2498.1086,0,0,0,0,0,0,0,0,0
LNALNSYS_1673.7969,0,0,0,0,0,0,0,0,0
NALNSYSQF_1675.7480,0,0,0,0,0,0,0,0,0
LFLLP_1270.7624,0,0,0,0,0,1,0,0,0
NALNSYSQF_1673.8040,0,0,0,0,0,0,0,0,0
LNALNSYSQF_1673.8040,0,0,0,0,0,0,0,0,0
QDVFEA_2560.2076,0,0,0,0,0,0,0,0,0
QSQGQLQ_2517.1874,0,0,0,0,0,0,0,0,0
QDVFEA_2517.1874,0,0,0,0,0,0,0,0,0
QDVFEA_1676.7542,0,0,0,0,0,0,0,0,0
LPSMC_1882.8411,0,0,0,0,0,0,0,0,0
QDVFEA_1675.7470,0,0,0,0,0,0,0,0,0
EQQQSQ_2535.2166,0,0,0,0,0,0,0,0,0
QLQGQDVFEA_2535.2166,0,0,0,0,0,0,0,0,0
DVFEAFR_2498.1086,0,0,0,0,0,0,0,0,0
FCATWDADKPLA_2021.9390,0,0,0,0,0,0,0,0,0
LQGQDVFEA_1675.7586,0,0,0,0,0,0,0,0,0
LQGQDVFEA_1659.7637,0,0,0,0,0,0,0,0,0
LQGQDVFEA_2517.1874,0,0,0,0,0,0,0,0,0
QDVFEA_2535.2184,0,0,0,0,0,0,0,0,0
LLSLSEQELVD_2104.0348,0,0,0,0,0,1,0,0,0
LLSLSE_2106.0370,0,0,0,0,0,0,0,0,0
DVFEA_1674.9408,0,0,0,0,0,0,0,0,0
DLDSLLAEVK_1301.7102,1,0,0,0,0,0,0,0,0
VLAATS_2045.0616,0,0,0,0,0,0,0,0,0
EQQSQGQLQGQDVFEA_2517.1874,0,0,0,0,0,0,0,0,0
LQGQDVFEA_2536.2164,0,0,0,0,0,0,0,0,0
DVFEA_1674.7860,0,0,0,0,0,0,0,0,0
QDVFEA_1674.7860,0,0,0,0,0,0,0,0,0
LLCLQMLSEA_1580.8042,0,0,0,0,0,1,0,0,0
VCLQMLQGS_1580.8042,0,0,0,0,0,0,0,0,0
QLQGQDVFEA_2518.1902,0,0,0,0,0,0,0,0,0
VEEEYLFDA_1977.9324,0,0,0,0,0,1,0,0,0
QDVFEA_2536.2176,0,0,0,0,0,0,0,0,0
SACLMYVAASS_1528.7014,0,0,0,0,0,0,0,0,0
LLCLQMLSEAA_1580.8042,0,0,0,0,0,1,0,0,0
LCLQMLSEAA_1580.8042,0,0,0,0,0,1,0,0,0
QSQGQLQ_2517.1882,0,0,0,0,0,0,0,0,0
QDVFEA_2517.1882,0,0,0,0,0,0,0,0,0
TLAEY_2262.0786,0,0,0,0,0,1,0,0,0
GEDVFEA_1691.7588,0,0,0,0,0,0,0,0,0
LQGQDVFEA_2518.1908,0,0,0,0,0,0,0,0,0
DVFEA_1674.7886,0,0,0,0,0,0,0,0,0
LQGQDVFEA_1674.7886,0,0,0,0,0,0,0,0,0
LADELFED_1578.7816,0,0,0,0,0,0,0,0,0
LLADELFE_1578.7816,0,0,0,0,0,0,0,0,0
GQDVFEA_2518.1902,0,0,0,0,0,0,0,0,0
DGYLFELL_1464.7250,0,0,0,0,0,0,0,0,0
QDVFEA_2535.2178,0,0,0,0,0,0,0,0,0
QDVFEA_2518.1912,0,0,0,0,0,0,0,0,0
QDVFEA_2536.2184,0,0,0,0,0,0,0,0,0
LVATDAVLS_1532.8870,0,0,0,0,0,0,0,0,0
QDVFEA_2518.1920,0,0,0,0,0,0,0,0,0
LLNLYD_1888.9890,0,0,0,0,0,0,0,0,0
DWNQLWTL_1515.7098,0,0,0,0,0,0,0,0,0
QDVFEA_2535.2170,0,0,0,0,0,0,0,0,0
DWNQLWTLR_1500.7185,0,0,0,0,0,0,0,0,0
LLLNQLWTL_1500.7185,0,0,0,0,0,0,0,0,0
LAAVE_2245.0085,0,0,0,0,0,0,0,0,0
ELVATDAVLS_2307.1388,0,0,0,0,0,0,0,0,0
NQLWTLR_1515.8600,0,0,0,0,0,0,0,0,0
QDVFEA_1659.7633,0,0,0,0,0,0,0,0,0
LQGQDVFEA_1659.7633,0,0,0,0,0,0,0,0,0
LQGQDVFEA_2517.1900,0,0,0,0,0,0,0,0,0
LQGQDVFEA_2534.2120,0,0,0,0,0,1,0,0,0
TDWNQLWTL_1575.7418,0,0,0,0,0,0,0,0,0
YAEDQLQQ_2229.0286,0,0,0,0,0,0,0,0,0
QLHGEE_2229.0286,0,0,0,0,0,1,0,0,0
GQDVFEA_2517.1866,0,0,0,0,0,0,0,0,0
TDWNQLWTLR_1574.7476,0,0,0,0,0,0,0,0,0
QLQGQDVFEA_2534.2168,0,0,0,0,0,1,0,0,0
PFCLSTLNLLD_1835.9328,0,0,0,0,0,1,0,0,0
SVEYFL_1678.8434,0,0,0,0,0,0,0,0,0
QDVFEA_2518.1898,0,0,0,0,0,0,0,0,0
TVQSYT_1764.8120,0,0,0,0,0,0,0,0,0
NPAEAF_1610.7996,0,0,0,0,0,1,0,0,0
QQSQGQLQGQDVFEA_2517.1890,0,0,0,0,0,0,0,0,0
TLLNLY_1888.0034,0,0,0,0,0,1,0,0,0
DVFEA_2387.9898,0,0,0,0,0,0,0,0,0
LLNLY_1888.0034,0,0,0,0,0,1,0,0,0
PVTDAVL_1521.8406,0,0,0,0,0,0,0,0,0
DVFEA_2534.2132,0,0,0,0,0,1,0,0,0
AEDQLQQ_2229.0301,0,0,0,0,0,1,0,0,0
LHGEE_2229.0301,0,0,0,0,0,1,0,0,0
QDVFEA_2518.1922,0,0,0,0,0,0,0,0,0
PPFACVK_956.5176,0,0,0,0,0,0,0,0,0
VPPFA_1087.5548,0,0,0,0,0,0,0,0,0
WVPPFA_1087.5588,0,0,0,0,0,0,0,0,0
QDVFEA_2536.2126,0,0,0,0,0,0,0,0,0
PPFAC_1087.5588,0,0,0,0,0,0,0,0,0
QLQGQDVFEA_2534.2092,0,0,0,0,0,1,0,0,0
WVPPFA_1087.5560,0,0,0,0,0,0,0,0,0
WVPPFAC_1087.5560,0,0,0,0,0,0,0,0,0
LLNLY_1863.0740,0,0,0,0,0,0,0,0,0
QDVFEA_2517.1908,0,0,0,0,0,0,0,0,0
TLLNLYS_1860.9922,0,0,0,0,0,1,0,0,0
VPPFACVK_1087.5548,0,0,0,0,0,0,0,0,0
DVFEA_2517.1908,0,0,0,0,0,0,0,0,0
QDVFE_2517.1908,0,0,0,0,0,0,0,0,0
YAEDQLQQGQLHGEE_2229.0289,0,0,0,0,0,0,0,0,0
VESYT_2517.1908,0,0,0,0,0,0,0,0,0
ELVSS_1076.5290,0,0,0,0,0,1,0,0,0
LLNLY_1888.9902,0,0,0,0,0,0,0,0,0
QLQGQDVFEA_2534.2158,0,0,0,0,0,1,0,0,0
QDVFEA_2519.1912,0,0,0,0,0,0,0,0,0
GQDVFE_2519.1912,0,0,0,0,0,0,0,0,0
YAEDQLQQGQLHGEE_2229.0298,0,0,0,0,0,0,0,0,0
LQGQDVFEA_1680.7974,0,0,0,0,0,0,0,0,0
DVFEA_2421.0195,0,0,0,0,0,0,0,0,0
QDVFEA_2535.2186,0,0,0,0,0,0,0,0,0
EVVNLVTQEL_1585.8304,0,0,0,0,0,0,0,0,0
VNLVT_1586.7646,0,0,0,0,0,0,0,0,0
ELAQFEA_1676.7898,0,0,0,0,0,0,0,0,0
VNLVTQEL_1586.7646,0,0,0,0,0,0,0,0,0
ELAQLTM_1660.7949,0,0,0,0,0,0,0,0,0
GAGANTFLEA_1676.7898,0,0,0,0,0,0,0,0,0
NMTLEAQT_1676.7898,0,0,0,0,0,0,0,0,0
DVFEA_1676.7898,0,0,0,0,0,0,0,0,0
LQGQDVFEA_1676.7898,0,0,0,0,0,0,0,0,0
LLQGK_1689.9608,0,0,0,0,0,0,0,0,0
DVFEA_1689.9608,0,0,0,0,0,0,0,0,0
QDVFEA_1689.9608,0,0,0,0,0,0,0,0,0
AEDQLQQ_2229.0292,0,0,0,0,0,1,0,0,0
QDVFEA_1676.7898,0,0,0,0,0,0,0,0,0
VLTLE_1728.8520,0,0,0,0,0,0,0,0,0
LNALNSYSQF_1716.8102,0,0,0,0,0,0,0,0,0
LDALNSYSQF_1716.8102,0,0,0,0,0,0,0,0,0
GQDVFEA_2534.2158,0,0,0,0,0,1,0,0,0
YAEDQLQQGQLHGEE_2229.0301,0,0,0,0,0,0,0,0,0
LQGQDVFE_1676.7898,0,0,0,0,0,0,0,0,0
DLQGQDVFE_1676.7898,0,0,0,0,0,0,0,0,0
QDVFE_1676.7898,0,0,0,0,0,0,0,0,0
GQDVF_1676.7898,0,0,0,0,0,0,0,0,0
GQDVFE_1676.7898,0,0,0,0,0,0,0,0,0
QWDVFE_1663.7567,0,0,0,0,0,0,0,0,0
ETEVS_1848.8226,0,0,0,0,0,0,0,0,0
DVFEA_1669.7735,0,0,0,0,0,0,0,0,0
AEDQLQQGQLHGEE_2229.0286,0,0,0,0,0,1,0,0,0
ELVSS_1076.5280,0,0,0,0,0,1,0,0,0
DVFEA_1679.7516,0,0,0,0,0,0,0,0,0
QDVFEA_1680.8020,0,0,0,0,0,0,0,0,0
QDVFEA_2446.0455,0,0,0,0,0,0,0,0,0
ELVSSC_1076.5280,0,0,0,0,0,1,0,0,0
LAQDL_898.4874,0,0,0,0,0,1,0,0,0
QDVFEA_2518.1934,0,0,0,0,0,0,0,0,0
QDVFEA_2518.1880,0,0,0,0,0,0,0,0,0
QDVFEA_2535.2176,0,0,0,0,0,0,0,0,0
YAEDQLQQGQLHGEE_2229.0292,0,0,0,0,0,0,0,0,0
ELVSSCGVR_1076.5292,0,0,0,0,0,1,0,0,0
QDVFEA_1574.6271,0,0,0,0,0,0,0,0,0
LHGEE_2229.0298,0,0,0,0,0,1,0,0,0
LAQDL_898.4870,0,0,0,0,0,1,0,0,0
YAEDQLQQ_2229.0292,0,0,0,0,0,0,0,0,0
FASPLQL_1505.8910,0,0,0,0,0,0,0,0,0
AEDQLQQ_2229.0280,0,0,0,0,0,1,0,0,0
DVFEA_2518.1920,0,0,0,0,0,0,0,0,0
ELVSSC_1076.5282,0,0,0,0,0,1,0,0,0
LVSSC_1076.5280,0,0,0,0,0,1,0,0,0
YAEDQLQQGQLHGEE_2229.0277,0,0,0,0,0,0,0,0,0
YAEDQLQQ_2229.0277,0,0,0,0,0,0,0,0,0
QLHGEE_2229.0277,0,0,0,0,0,1,0,0,0
QDVFEA_2517.1852,0,0,0,0,0,0,0,0,0
EDQLQQ_2229.0250,0,0,0,0,0,1,0,0,0
QLHGEE_2229.0250,0,0,0,0,0,1,0,0,0
SVLTLE_1712.8499,0,0,0,0,0,0,0,0,0
YAEDQLQQ_2229.0265,0,0,0,0,0,0,0,0,0
QLHGEE_2229.0265,0,0,0,0,0,1,0,0,0
ELVSS_1076.5274,0,0,0,0,0,1,0,0,0
QLQGQDVFEA_2517.1852,0,0,0,0,0,0,0,0,0
AEDQLQQGQLHGEE_2229.0250,0,0,0,0,0,1,0,0,0
SVLTLE_1670.8244,0,0,0,0,0,0,0,0,0
ELVSSC_1076.5274,0,0,0,0,0,1,0,0,0
QSQGQLQGQDVFEA_2517.1852,0,0,0,0,0,0,0,0,0
WLTLE_1730.8038,0,0,0,0,0,0,0,0,0
EESQQL_1901.8331,0,0,0,0,0,0,0,0,0
DPSVLTLEN_1727.8464,0,0,0,0,0,1,0,0,0
LQQCCNQ_1898.8299,0,0,0,0,0,0,0,0,0
LHGEE_2229.0283,0,0,0,0,0,1,0,0,0
QSQGQLQ_2517.1852,0,0,0,0,0,0,0,0,0
NLPSMC_1882.8351,0,0,0,0,0,0,0,0,0
AEDQLQQ_2229.0250,0,0,0,0,0,1,0,0,0
ESQQLQQCCNQ_1901.8331,0,0,0,0,0,0,0,0,0
SEQLQQCCNQV_1901.8331,0,0,0,0,0,0,0,0,0
QQSQGQLQGQDVFEA_2535.2156,0,0,0,0,0,0,0,0,0
PSVLTLE_1730.8088,0,0,0,0,0,0,0,0,0
DPSVLTL_1730.8088,0,0,0,0,0,0,0,0,0
LPSMC_1882.8351,0,0,0,0,0,0,0,0,0
AEDQLQQ_2229.0262,0,0,0,0,0,1,0,0,0
QLHGEE_2229.0262,0,0,0,0,0,1,0,0,0
LYDELQQ_2229.0262,0,0,0,0,0,0,0,0,0
ESQQL_1901.8331,0,0,0,0,0,0,0,0,0
QCCNQ_1901.8331,0,0,0,0,0,0,0,0,0
QLQGQDVFEA_2535.2144,0,0,0,0,0,0,0,0,0
LQGQDVFEA_2517.1852,0,0,0,0,0,0,0,0,0
QDVFEA_2536.2162,0,0,0,0,0,0,0,0,0
DVFEA_2518.1880,0,0,0,0,0,0,0,0,0
SVLTLE_1728.8508,0,0,0,0,0,0,0,0,0
LAQDL_898.4866,0,0,0,0,0,1,0,0,0
SVLTLE_1670.8238,0,0,0,0,0,0,0,0,0
SVLTLE_1727.8452,0,0,0,0,0,1,0,0,0
PSVLTLE_1727.8452,0,0,0,0,0,1,0,0,0
YAEDQLQQ_2229.0283,0,0,0,0,0,0,0,0,0
QLHGEE_2229.0283,0,0,0,0,0,1,0,0,0
YAEDQLQQGQLHGEE_2229.0286,0,0,0,0,0,0,0,0,0
DVFEA_2518.1882,0,0,0,0,0,0,0,0,0
