tag,U9913,U85681,U2711,U29159,U6565,U3988,U8040
LLEDTMA_1248.6158,0,1,0,0,0,0,0
LLQLS_914.5176,0,0,0,0,1,0,0
HELPVL_1073.5964,0,0,0,0,0,1,0
LEQLA_1012.5666,0,0,0,0,0,1,0
LLEDTMAF_1248.6158,0,1,0,0,0,0,0
LSPNTDCS_991.4384,0,0,1,0,0,0,0
ESGFGGR_1234.5648,0,1,0,0,0,0,0
KPEYESGYGS_1243.5692,0,1,0,0,0,0,0
AATPAD_973.4877,0,1,0,0,0,0,0
ETSQFAN_1022.4768,0,1,0,0,0,0,0
ETPQAHVFK_1055.5370,0,1,0,0,0,0,0
ETPQAHVFK_1055.5381,0,1,0,0,0,0,0
AHVFK_1055.5358,0,1,0,0,0,0,0
ELHSA_1196.6130,0,0,1,0,0,0,0
YTADLS_867.4322,0,1,0,0,0,0,0
APGLLE_754.4312,0,0,0,0,0,1,0
VSSLNPANN_1633.8124,0,1,0,0,0,0,0
SSLNPANNQ_1633.8124,0,1,0,0,0,0,0
LLSSLE_916.5218,0,0,0,0,0,0,1
LLSSLE_916.5214,0,0,0,0,0,0,1
SVHDFS_1018.5074,0,0,1,0,0,0,0
VHDFT_1032.5232,0,1,0,0,0,0,0
ATALH_1127.6074,0,0,1,0,0,0,0
TALHY_1127.6074,0,0,1,0,0,0,0
AAAAEE_1214.6128,0,1,0,0,0,0,0
VELLANDQ_1227.6204,1,0,0,0,0,0,0
AHGPTVSSLNPVNN_1661.8474,0,0,1,0,0,0,0
LSTANFD_1022.5028,0,0,1,0,0,0,0
ATEDAQSYAE_1409.6382,0,0,1,0,0,0,0
YCAELAHNVS_1435.6782,0,1,0,0,0,0,0
HAECPVLTL_1109.5894,0,1,0,0,0,0,0
AACTEALE_1118.5634,0,1,0,0,0,0,0
GAYSVQAK_1034.5746,0,0,1,0,0,0,0
SKPEYE_2267.9932,0,1,0,0,0,0,0
KPEYES_2267.9932,0,1,0,0,0,0,0
FLVEAS_863.4748,0,0,0,0,0,1,0
VVDLLVHM_1139.6361,0,0,1,0,0,0,0
LLQLS_914.5184,0,0,0,0,1,0,0
LCGAPLESC_1122.4857,0,0,1,0,0,0,0
VVDLLVHM_1123.6411,0,1,0,0,0,0,0
APLES_1122.4866,0,0,1,0,0,0,0
HELPVL_1073.5974,0,0,0,0,0,1,0
KPLLVLS_993.6584,0,0,1,0,0,0,0
ETMAL_1089.5114,0,0,1,0,0,0,0
LTEAP_1773.8258,0,1,0,0,0,0,0
GCYVV_1238.6310,0,0,1,0,0,0,0
DVAMT_1362.6544,0,1,0,0,0,0,0
YAANVVL_1263.6404,0,1,0,0,0,0,0
NDEDLL_1107.5206,0,1,0,0,0,0,0
DEDLL_1107.5197,0,1,0,0,0,0,0
ENLEALK_1598.7638,0,1,0,0,0,0,0
NVSLSS_1539.7886,0,0,1,0,0,0,0
EHFEVTK_1420.6930,0,1,0,0,0,0,0
SAATAT_1618.8060,0,1,0,0,0,0,0
HVNHSLFW_1598.7738,0,1,0,0,0,0,0
PLSAPV_1444.7512,0,1,0,0,0,0,0
VNVLE_998.5758,0,1,0,0,0,0,0
TPWDLK_758.3958,0,1,0,0,0,0,0
AQLVL_898.5608,0,1,0,0,0,0,0
VLTFD_877.4898,0,1,0,0,0,0,0
APGGAPANV_1333.7462,0,1,0,0,0,0,0
LLGVD_1099.6026,0,1,0,0,0,0,0
LTYTLL_850.5156,0,1,0,0,0,0,0
LLVHM_1139.6362,0,0,1,0,0,0,0
VVDLLVHMS_1139.6368,0,0,1,0,0,0,0
FHVAAQNC_1531.6982,0,1,0,0,0,0,0
LLVHMS_1139.6372,0,0,1,0,0,0,0
LVSWESVS_1033.5440,0,1,0,0,0,0,0
ANATNDVA_2177.0406,0,0,0,0,0,1,0
AEFLKP_1270.7632,0,0,1,0,0,0,0
MELEF_1136.5304,0,0,1,0,0,0,0
LLVHM_1123.6420,0,1,0,0,0,0,0
VVDLLVHM_1123.6430,0,1,0,0,0,0,0
AENFEM_1351.6436,0,1,0,0,0,0,0
LLVHMA_1123.6438,0,1,0,0,0,0,0
VDDFS_1115.5132,0,1,0,0,0,0,0
AAGMNAMD_1234.5802,0,0,0,0,0,1,0
TLLNF_805.4694,0,0,1,0,0,0,0
LEHFY_1302.6708,0,1,0,0,0,0,0
LVEFYR_953.4970,0,0,1,0,0,0,0
GPLATTSLSTN_1477.7772,0,0,1,0,0,0,0
PLATTSLSTNA_1477.7772,0,0,1,0,0,0,0
GSATLSMAYAA_1439.7060,0,1,0,0,0,0,0
ATTSLS_1477.7764,0,0,1,0,0,0,0
VLTVTV_1445.7417,0,0,0,0,0,1,0
MEFEFQR_1170.5140,0,1,0,0,0,0,0
QALDCL_1529.7770,0,0,1,0,0,0,0
VQNFL_1095.5726,0,1,0,0,0,0,0
VEFYR_954.4814,0,1,0,0,0,0,0
VEFYR_954.4815,0,1,0,0,0,0,0
LWDTA_1315.6514,1,0,0,0,0,0,0
SSLGN_1377.6992,0,0,0,0,1,0,0
ASVVV_1272.7018,0,0,1,0,0,0,0
VLLCL_915.5466,0,0,1,0,0,0,0
LAEYV_1864.8770,0,1,0,0,0,0,0
AEYVN_1864.8770,0,1,0,0,0,0,0
LLTEA_1953.0574,1,0,0,0,0,0,0
AGPAFDYLEK_1237.5984,0,1,0,0,0,0,0
VLLVV_1040.6592,0,0,0,1,0,0,0
PGVEVV_1323.7144,0,1,0,0,0,0,0
FDYLEK_1237.5968,0,1,0,0,0,0,0
PDLLV_1181.6766,0,1,0,0,0,0,0
LESDLDELE_1345.6368,0,1,0,0,0,0,0
AMTPHV_2330.1192,0,1,0,0,0,0,0
LFYLR_824.4542,1,0,0,0,0,0,0
YYYFLR_923.4540,0,0,0,0,0,1,0
ASFSLL_891.5204,0,1,0,0,0,0,0
NVDLLR_912.5394,0,1,0,0,0,0,0
VVDALGV_1209.6700,0,0,0,0,0,1,0
LDLSP_1636.9054,0,0,0,0,0,1,0
VGPELCLLK_970.5512,0,1,0,0,0,0,0
DALGV_1209.6730,0,0,0,0,0,1,0
FQETA_2071.9556,0,1,0,0,0,0,0
LLGDS_1070.6346,0,0,0,0,0,0,1
DPSWS_2175.8990,0,1,0,0,0,0,0
LDSGVGM_1290.6848,0,1,0,0,0,0,0
WTVLDYS_1010.5074,0,0,1,0,0,0,0
LEDTMAF_1248.6160,0,1,0,0,0,0,0
VLTVTV_1445.7434,0,0,0,0,0,1,0
LLNDLLAE_1027.5902,0,0,1,0,0,0,0
SLLDSGVGM_1290.6844,0,1,0,0,0,0,0
LVEALK_1457.7610,1,0,0,0,0,0,0
EDTMAF_1248.6159,0,1,0,0,0,0,0
LLEDTMAFP_1248.6160,0,1,0,0,0,0,0
EDGVLTVTV_1445.7444,0,0,0,0,0,1,0
WDDMEK_1931.8744,1,0,0,0,0,0,0
HFQFNV_1258.6814,0,1,0,0,0,0,0
FQETATS_2053.9884,0,0,1,0,0,0,0
MEVTGFS_1527.7016,0,1,0,0,0,0,0
EDGVLTVTV_1445.7422,0,0,0,0,0,1,0
LLEDTMAF_1248.6160,0,1,0,0,0,0,0
PGLNANVAA_1448.8088,0,0,1,0,0,0,0
LVPLNLQDR_1711.9396,0,1,0,0,0,0,0
LLALQ_1556.8406,0,0,1,0,0,0,0
QVVEGMDVVK_1641.8546,0,1,0,0,0,0,0
LLDELA_942.5124,0,0,0,0,0,1,0
WGSSW_1568.6988,0,0,1,0,0,0,0
EAHVFTADLP_1723.8750,0,1,0,0,0,0,0
AVWAL_1668.8182,0,0,1,0,0,0,0
VWALG_1668.8182,0,0,1,0,0,0,0
EALEL_1780.8072,0,1,0,0,0,0,0
ALELA_1780.8072,0,1,0,0,0,0,0
LDAALE_1316.6578,0,1,0,0,0,0,0
NLDVLE_2210.0958,0,0,0,0,1,0,0
ADVLLDEAAK_1255.7026,0,1,0,0,0,0,0
GWEAYL_1177.6134,0,1,0,0,0,0,0
EVPEM_1514.7978,0,1,0,0,0,0,0
VPEMT_1514.7978,0,1,0,0,0,0,0
LALPDNLEFEK_1287.6714,0,0,1,0,0,0,0
DFFFSGLDKP_1970.9106,0,1,0,0,0,0,0
LLDVVYNAS_1717.8984,0,0,0,0,0,0,1
LPPLFD_1311.6830,0,1,0,0,0,0,0
YFDYWSCL_1864.7577,0,0,1,0,0,0,0
FDYWSCLD_1864.7577,0,0,1,0,0,0,0
ALDTLLN_1299.7402,0,0,0,0,0,1,0
ALDTLL_1299.7417,0,0,0,0,0,1,0
FPESLTNLDLNH_1868.9210,0,1,0,0,0,0,0
DVFYLH_1536.7334,0,0,0,0,0,1,0
FSLLETLK_949.5496,0,1,0,0,0,0,0
FPESLT_1868.9222,0,1,0,0,0,0,0
LDLNH_1868.9222,0,1,0,0,0,0,0
FVHNL_2001.0212,0,1,0,0,0,0,0
EYTDLLTPK_1979.0226,0,1,0,0,0,0,0
SAMLEV_1093.5846,0,1,0,0,0,0,0
ALLEF_1061.5766,0,1,0,0,0,0,0
LSAFL_1091.6226,0,1,0,0,0,0,0
LANTS_1612.8560,0,0,1,0,0,0,0
APDLL_1715.8294,0,1,0,0,0,0,0
YADCVSAL_1984.9356,0,1,0,0,0,0,0
SASASD_1984.9356,0,1,0,0,0,0,0
PEGHFLMLDVPGVK_1767.8858,0,0,1,0,0,0,0
FDDEQ_1549.7408,0,1,0,0,0,0,0
VLETPDG_2010.0414,0,1,0,0,0,0,0
DEAVNAVAE_1754.9152,0,1,0,0,0,0,0
DDLMSQYL_1430.6488,0,1,0,0,0,0,0
WVSYWS_1496.7018,0,1,0,0,0,0,0
LFANTS_1646.8434,0,1,0,0,0,0,0
YLLELL_918.5534,0,0,0,0,0,1,0
SQFANALLDWK_1521.7444,0,1,0,0,0,0,0
LLTMPA_1460.7718,0,0,0,0,0,1,0
LANNLEDLL_1254.7186,0,0,1,0,0,0,0
NNLEDLL_1254.7186,0,0,1,0,0,0,0
LVGFND_1342.7234,0,0,1,0,0,0,0
APEELS_1578.7978,0,1,0,0,0,0,0
YVFLVDM_1870.9185,0,1,0,0,0,0,0
EPPYVDSLEWAK_1644.8398,0,1,0,0,0,0,0
APEEL_1578.7978,0,1,0,0,0,0,0
VNNETL_1551.8028,0,0,1,0,0,0,0
LSSSW_1595.8016,0,1,0,0,0,0,0
LAFTK_1595.8016,0,1,0,0,0,0,0
MAVDAVVTN_1430.7796,0,0,1,0,0,0,0
EFMLL_1867.9556,0,0,0,0,0,1,0
VFDSEEDLAV_1862.9242,0,1,0,0,0,0,0
LVLPSLVS_1186.7070,0,1,0,0,0,0,0
AEAFNV_1583.8662,0,1,0,0,0,0,0
AVALQEVSEM_1504.7786,0,0,1,0,0,0,0
LQAYVFDV_1437.7610,0,1,0,0,0,0,0
VVTDAVVL_1510.8718,0,1,0,0,0,0,0
VADSLQDMVFNS_1721.8658,0,0,1,0,0,0,0
EFETV_1530.8148,0,0,1,0,0,0,0
EWGLDNYLS_1621.7992,0,1,0,0,0,0,0
FLDAVL_1205.6812,0,0,1,0,0,0,0
ENLNFT_1765.8810,0,1,0,0,0,0,0
ENLNFTP_1765.8810,0,1,0,0,0,0,0
VCQVL_1698.9068,0,1,0,0,0,0,0
QVLGA_1698.9068,0,1,0,0,0,0,0
TDPTFLYMAD_1741.8228,0,1,0,0,0,0,0
TMLLFPD_1557.7314,0,1,0,0,0,0,0
LELVL_1169.7180,0,0,1,0,0,0,0
EFMLL_1867.9555,0,0,0,0,0,1,0
LLAEMSSAGNL_1586.8674,0,1,0,0,0,0,0
FMLLP_1867.9555,0,0,0,0,0,1,0
NELQA_2140.0498,0,0,0,0,0,1,0
EMVEFAS_2140.0498,0,0,0,0,0,1,0
DEFGHMLAGLL_1614.8094,0,1,0,0,0,0,0
PALPTE_1735.9734,0,1,0,0,0,0,0
PNSYVFLVDM_1870.9154,0,1,0,0,0,0,0
VTGAAGQL_1999.1290,0,0,0,0,0,1,0
DPTFLYLADA_1723.8660,0,0,1,0,0,0,0
NFYEQA_1816.8724,0,0,1,0,0,0,0
NFYEQAF_1816.8724,0,0,1,0,0,0,0
EFMLL_1867.9576,0,0,0,0,0,1,0
LLAGA_1978.0538,0,0,1,0,0,0,0
WANDLAASLS_1641.8840,0,1,0,0,0,0,0
LQDMLAL_1306.6944,0,0,1,0,0,0,0
LMELY_1935.9876,0,1,0,0,0,0,0
LDDLV_1935.9876,0,1,0,0,0,0,0
PLTLL_1382.7804,0,0,1,0,0,0,0
PLTLLE_1382.7804,0,0,1,0,0,0,0
LDAFNELEEDM_1737.8118,0,0,1,0,0,0,0
DFLLYE_2435.2363,0,0,1,0,0,0,0
PNNLDMLAL_1830.9440,0,0,1,0,0,0,0
LLFDNSYFTELLT_2100.0436,0,1,0,0,0,0,0
LQELV_2266.1858,0,1,0,0,0,0,0
HMMEM_3040.3267,0,1,0,0,0,0,0
