tag,U9913,U29159,U6565,U3988,U8040
LDALE_1045.5398,0,0,1,0,0
LNNEFVD_1595.7942,0,0,1,0,0
LLELLE_984.5846,0,0,1,0,0
LYEGTPNKPA_1216.6444,0,0,1,0,0
EESSK_1327.7074,0,0,1,0,0
EEAPL_1146.5761,0,0,1,0,0
ALHGS_1405.7254,0,0,1,0,0
ESHVTD_1384.6942,0,0,1,0,0
VLESHVTDTQ_1384.6926,0,0,1,0,0
EVSNT_1219.6030,0,0,1,0,0
EVSNT_1219.6043,0,0,1,0,0
VCGEHNLTHV_1350.6322,0,0,1,0,0
VNGPA_1005.5592,0,0,1,0,0
QTELV_1000.5296,0,0,1,0,0
HGVLGLQSGT_1424.7350,0,1,0,0,0
HGVLGLQS_1424.7340,0,1,0,0,0
PEAEA_956.4916,0,0,1,0,0
ESYNMAE_998.4132,0,0,1,0,0
VAYLSS_851.4490,0,0,1,0,0
RPTDLAL_940.5444,0,0,1,0,0
YGSTNTA_1109.5462,0,0,1,0,0
MTLQEA_975.4802,0,0,1,0,0
YAASV_778.4326,0,0,1,0,0
LTDTT_1077.5670,0,0,1,0,0
LVGAPYQ_961.5230,0,0,1,0,0
VLSTLE_889.5118,0,0,1,0,0
VVEVHVE_1180.6192,0,0,1,0,0
LPADST_940.5222,0,0,1,0,0
LLAPPER_794.4642,0,1,0,0,0
SATST_1007.5486,0,0,1,0,0
AAQAA_1200.5830,0,0,1,0,0
LSVSD_1182.5994,0,0,1,0,0
TVQSVPS_1057.5760,0,0,1,0,0
LPDQP_809.4644,0,0,1,0,0
AGELHT_1231.5946,0,0,1,0,0
NDGYAH_1458.7324,0,0,1,0,0
VDEEQ_1319.5984,0,0,1,0,0
FTEVV_806.4282,0,0,1,0,0
YVYGSTHT_1424.7018,0,0,1,0,0
SEVQQWR_1116.5318,0,0,1,0,0
QDENF_926.4130,0,0,1,0,0
QGETL_1616.8120,0,0,1,0,0
QEWQSK_1018.5062,0,0,1,0,0
YDSTHGVYDGEVK_1468.6450,0,0,1,0,0
LSEAN_1286.6434,0,0,1,0,0
LCYAQS_1375.6182,0,0,1,0,0
VTYQQTLER_1136.5836,0,0,1,0,0
VVAYD_1065.5448,0,0,1,0,0
LQSEATDL_1132.5716,0,0,1,0,0
HLQLAL_849.5176,0,0,0,1,0
ELNNLN_1187.5534,0,0,1,0,0
QLLEE_1322.6560,0,0,1,0,0
LVAYD_1130.5720,0,0,1,0,0
LLEEAEHR_1322.6557,0,0,1,0,0
LSGYV_921.4894,0,0,1,0,0
LTEADQNLEAAN_1486.7238,0,0,1,0,0
ESLQQ_1272.6400,0,0,1,0,0
YEEESEAAS_1396.6092,0,0,1,0,0
EESEAASNLR_1396.6089,0,0,1,0,0
LNSLV_863.4868,0,0,1,0,0
EAFAMSE_939.4110,0,0,1,0,0
TLTGSS_1425.6605,0,0,1,0,0
VDLHR_923.4810,0,0,1,0,0
LLLAE_1006.5912,0,0,1,0,0
DAQSTSQLQS_1488.7408,0,0,1,0,0
HELPVL_1073.5980,0,0,0,1,0
LVFEA_861.4712,0,0,1,0,0
FDLSP_792.4012,0,0,1,0,0
VLGSSAVE_1344.6622,0,0,1,0,0
TGSTEV_1094.5596,1,0,0,0,0
LVCDF_751.3670,0,0,1,0,0
LPEVA_953.5536,0,0,1,0,0
QLVDY_1334.6194,0,0,1,0,0
PLDLQ_1028.5498,0,0,1,0,0
FLHSANLD_1470.7204,0,0,1,0,0
EGCLTLQAGT_1407.6648,0,0,1,0,0
LDTAL_930.4778,0,0,1,0,0
TEEQLK_1022.4925,0,0,1,0,0
KPLTEGSQNQDTLN_1812.9288,0,0,1,0,0
LSLQS_1731.8524,0,1,0,0,0
TNQFAS_1731.8524,0,1,0,0,0
HALDEQF_1457.6832,0,0,1,0,0
AHLSAEDLT_1605.6857,0,0,1,0,0
TELYHN_1242.6006,0,1,0,0,0
CSYLL_824.4210,0,0,1,0,0
VPETLL_798.4846,0,0,1,0,0
SEYLL_1066.5282,0,0,1,0,0
AFGHENEDLLR_1299.6214,0,0,1,0,0
EVDLD_1239.6084,0,0,1,0,0
LSSTLS_847.5010,0,0,1,0,0
LDALEGSVS_1045.5406,0,0,1,0,0
VVDLLQHM_1244.6593,0,0,1,0,0
VTGNLLEASTTK_1232.6596,0,0,1,0,0
LEEYY_1098.5344,0,0,1,0,0
MDVVK_974.5098,0,0,1,0,0
VQNSAFVE_1276.6404,0,0,1,0,0
VSLCT_1119.5948,0,0,1,0,0
LEQLA_1012.5668,0,0,0,1,0
VSLCTQ_1119.5934,0,0,1,0,0
VTAYDSL_1194.5874,0,0,1,0,0
PVCAS_1246.6153,0,0,1,0,0
QYGCC_1351.6249,0,0,1,0,0
LHTDGL_1238.6060,0,0,1,0,0
PGDTNTALAL_1446.7598,0,0,1,0,0
YGCCPL_1351.6283,0,0,1,0,0
LGDLAECR_946.4548,0,0,1,0,0
TPAFL_1223.5963,0,0,1,0,0
VQEVTE_1136.5450,0,0,1,0,0
NLELS_1115.5946,0,0,1,0,0
LTGMA_794.4114,0,0,0,0,1
DTVEDVK_1814.8320,0,0,1,0,0
LTCSLLSD_1049.5416,0,0,1,0,0
STELL_830.4854,0,0,1,0,0
LDTTL_1008.5248,0,0,1,0,0
VLQQQQLL_1183.6930,0,0,1,0,0
CDELSAE_1347.6096,0,0,1,0,0
LEQFLT_934.5134,0,0,1,0,0
YATLLSHNPD_1688.7978,0,0,1,0,0
ATLLSHNPDT_1688.7978,0,0,1,0,0
CLPAAF_904.4578,0,0,1,0,0
VVNADNV_1219.6182,0,0,1,0,0
QVTLE_1376.6222,0,0,1,0,0
SGHLSSATATV_2044.9918,0,0,1,0,0
LASQLEE_1157.6030,0,0,1,0,0
LLQASGAS_1213.7022,0,0,1,0,0
SAFASTAS_1258.5796,0,0,1,0,0
LPYDT_1312.6670,0,0,1,0,0
FLSLDN_936.4906,0,0,1,0,0
LALLV_712.4848,0,0,1,0,0
LLHCVQS_1448.6841,0,0,1,0,0
LAYDTAY_1368.6640,0,0,1,0,0
NEVQM_1146.5208,0,0,1,0,0
VVFSDEA_1120.5750,0,0,1,0,0
MSSQY_1432.6390,0,0,1,0,0
VLSNTL_1229.6730,0,0,1,0,0
PVVLE_910.5482,0,0,1,0,0
YKPDTDDL_1622.7792,0,0,1,0,0
DSHLSGSPFTAK_1463.7036,0,0,1,0,0
EVYEQ_1355.7080,0,0,1,0,0
LSVNF_848.4502,0,0,1,0,0
VCGLCG_1139.4863,0,0,1,0,0
FVQVQ_888.5196,0,0,1,0,0
DSSFAASA_1225.5740,0,0,1,0,0
LSLDDEEYK_1110.5118,0,0,1,0,0
VVLGS_984.5990,1,0,0,0,0
AGQASFT_1176.6262,0,0,1,0,0
VLTVT_883.5504,0,0,1,0,0
VYDEF_1055.4934,0,0,1,0,0
YQDTV_1587.7340,0,1,0,0,0
LYQDT_1587.7340,0,1,0,0,0
LATLDDA_1388.7152,0,0,1,0,0
QYLAHV_1413.7728,0,0,1,0,0
LHDLVLV_1450.7878,0,0,1,0,0
LPNTY_1249.6190,0,0,1,0,0
LCEML_1198.5464,0,0,1,0,0
AALEA_875.4864,0,0,1,0,0
VEFSYEQLK_1406.6836,0,1,0,0,0
FLTHGFTDTAT_1976.0114,0,0,1,0,0
LPTGHVDFY_1629.7894,0,0,1,0,0
TETVTS_1944.9276,0,0,1,0,0
TETVT_1944.9276,0,0,1,0,0
LEEDLTTL_1188.6254,0,0,1,0,0
EDLTTL_1188.6236,0,0,1,0,0
SDLLQSQEK_1216.6304,0,0,1,0,0
SPLTAD_1492.7138,0,0,1,0,0
LNMVCL_1601.7542,0,0,1,0,0
DAANTFE_1378.6074,0,0,1,0,0
VVLVLS_841.5390,0,0,1,0,0
LQDMDL_1252.6125,0,0,1,0,0
AAAVT_1094.5554,0,0,1,0,0
VTDYEEFT_1373.6106,0,0,1,0,0
LNPAT_1145.6070,0,0,1,0,0
HDALC_1125.5960,1,0,0,0,0
NPPTMS_1154.5418,0,0,1,0,0
ATLLAL_843.5162,0,1,0,0,0
LSPVLAYT_1434.7370,0,0,1,0,0
YSVDVNL_1051.5166,0,0,1,0,0
SQLPEL_1098.6014,0,0,1,0,0
LPNDSM_978.4588,0,0,1,0,0
ESSDVSAQLAD_1975.8846,0,0,1,0,0
SSAQVDES_1409.6380,0,0,1,0,0
TFVAELK_991.5342,0,0,1,0,0
FVAELK_991.5349,0,0,1,0,0
EAEQELQSL_1473.7046,0,0,1,0,0
HLAEE_1435.7413,0,0,1,0,0
LYDEF_1011.5032,0,0,1,0,0
LAFDTP_1290.6190,0,0,1,0,0
AEANHLAEEL_1435.7408,0,0,1,0,0
DEFVAR_1011.5027,0,0,1,0,0
DGYPFP_1830.8158,0,0,1,0,0
YSMVVQ_1223.6208,0,0,1,0,0
CGSYS_1311.6256,0,0,1,0,0
TLGYVEL_921.5160,0,0,1,0,0
DEMAAQDEML_1720.7763,0,0,1,0,0
LLTYTVMSS_1398.7072,0,0,1,0,0
SETFSLQCTT_1985.9136,0,0,1,0,0
FLYNTL_984.5292,0,0,1,0,0
CSDYK_1658.7494,0,0,1,0,0
EELSV_1658.7494,0,0,1,0,0
LLSTV_1193.6422,0,0,1,0,0
TDEMQQQDEQL_1792.8130,0,0,1,0,0
LVDPFT_818.4532,0,0,1,0,0
TEQSLEEYR_1353.6404,0,0,1,0,0
FTMLD_1223.5584,0,0,1,0,0
YLLTL_749.4688,0,0,1,0,0
NTPYATTL_1368.7030,0,0,1,0,0
SAELF_941.4599,0,0,1,0,0
SFENT_1290.6470,0,0,1,0,0
QQVCAFTLD_1508.7044,0,0,1,0,0
LDNAQTYLL_1205.6414,0,0,1,0,0
VLSLGD_999.5704,0,0,0,1,0
FHTLM_1390.7014,0,0,1,0,0
GLLCTL_1334.6530,0,0,1,0,0
DYLQLG_1201.6088,0,0,1,0,0
VLDLADYS_1137.5558,0,0,1,0,0
DLADYS_1137.5542,0,0,1,0,0
ALLAELER_913.5240,0,0,1,0,0
CPSESLL_1202.6344,0,0,1,0,0
FDVGLEET_1192.5716,0,0,1,0,0
FASGSSVVD_1170.5662,0,0,1,0,0
EFQLNSYG_1270.6204,0,0,1,0,0
VVNSL_1227.6824,0,0,1,0,0
FQLNSY_1270.6216,0,0,1,0,0
SYEQLK_1028.4824,0,0,1,0,0
DSMQASLEAE_1480.6542,0,0,1,0,0
HSFLLF_1019.5448,0,0,1,0,0
NQEVE_1857.8756,0,0,1,0,0
QEVEG_1857.8756,0,0,1,0,0
SFLLF_1019.5442,0,0,1,0,0
YQFSVLA_982.5228,0,0,1,0,0
YLTNLSSSTDLK_1439.7512,0,0,1,0,0
AQAQDLVQ_1542.7762,0,0,1,0,0
NSPLF_1534.7146,0,0,1,0,0
EEAEDVANLTM_1703.8023,0,0,1,0,0
TTYLDCVP_1208.6104,0,0,1,0,0
LCFEL_779.3998,0,0,1,0,0
DNAMMFTQ_1495.6899,0,0,1,0,0
FYQLHV_1202.6550,0,0,1,0,0
DDNVE_1243.5836,0,0,1,0,0
LSFEDVEE_1209.5518,0,0,1,0,0
LLSYSTN_1179.6512,0,0,1,0,0
VVSLTNLYK_1035.5960,0,0,1,0,0
LVGYLVE_1082.6028,0,0,1,0,0
SPGELGVTLEGPK_1525.7986,0,0,1,0,0
LYELR_1286.5763,0,0,1,0,0
GVVAA_1166.5987,0,0,1,0,0
PPQPL_1726.8990,0,1,0,0,0
YPQYLD_1095.5596,0,0,1,0,0
PPQPLQVTQSV_1726.8997,0,1,0,0,0
PQPLQVTQSVY_1726.8997,0,1,0,0,0
THYFLV_1118.6238,0,0,1,0,0
NAFFL_924.4826,0,0,1,0,0
LWDTA_1315.6522,1,0,0,0,0
VTLQVT_1076.5974,0,0,1,0,0
LSYSTT_1166.6546,0,0,1,0,0
LLVNT_1353.7196,0,0,1,0,0
LLVNTNVW_1353.7196,0,0,1,0,0
SGFNDSTLSD_1575.6806,0,1,0,0,0
GLLGLQMGT_1386.7276,0,0,1,0,0
LNNDFVNSQS_1567.7594,0,0,1,0,0
LLTEA_1953.0556,1,0,0,0,0
LSYST_1166.6565,0,0,1,0,0
LLWSA_879.4852,0,0,1,0,0
QLAYFQ_1154.5921,0,0,1,0,0
LGTAQSV_1561.7760,0,0,1,0,0
MGFLV_1137.5488,0,0,1,0,0
LLDLVSGV_1056.6188,0,0,1,0,0
NTVLNT_1310.6636,0,0,1,0,0
ATDNDVDSP_1774.8456,0,0,1,0,0
LNDDQVDELLR_1328.6572,0,0,1,0,0
DSVVLS_1019.5304,0,0,1,0,0
LSLLF_847.5164,0,0,1,0,0
LVWTL_1173.6146,0,0,1,0,0
TPVSEEL_1273.6748,0,0,1,0,0
VDELLR_1328.6577,0,0,1,0,0
LEYLK_961.5490,0,0,1,0,0
TLLDAPG_1387.7257,0,0,1,0,0
LAAFSEGVVD_1591.8366,0,0,1,0,0
LTSLV_1102.6431,0,0,1,0,0
LPSPAPSA_1425.7634,0,0,1,0,0
TSPLLEAS_1372.7446,0,0,1,0,0
LLDQSDVLL_1170.6646,0,0,1,0,0
PLEYLK_961.5490,0,0,1,0,0
LFEGSCNL_1653.7548,0,0,1,0,0
LNYDL_1051.5374,0,1,0,0,0
EDSDL_1703.8286,0,0,1,0,0
GLSLA_1454.7844,0,0,1,0,0
VTLLD_1387.7246,0,0,1,0,0
GLLCTLG_1334.6503,0,0,1,0,0
NPPVFS_1707.8248,0,0,1,0,0
SLQVQASD_1989.9752,0,0,1,0,0
VFQFLN_951.5190,0,0,1,0,0
DQQMEVYVR_1408.6648,0,0,1,0,0
ATDNPLLF_1430.7528,0,0,1,0,0
PSYVAFTAE_1596.7786,0,0,1,0,0
YMETSS_1797.8210,0,0,1,0,0
GTPAS_1691.8474,0,0,1,0,0
TPASD_1691.8474,0,0,1,0,0
ELTQQL_1412.7646,0,0,1,0,0
DPFASF_907.4442,0,0,1,0,0
EELVDL_1046.5322,0,0,1,0,0
LAEAV_1403.7412,0,0,1,0,0
VVDLAEDF_1137.5368,0,0,1,0,0
LGPTA_1354.7818,0,0,1,0,0
LLGPTANLQ_1354.7818,0,0,1,0,0
LLSELT_986.6014,0,0,1,0,0
LDPVL_1443.7094,0,0,1,0,0
LLELLE_984.5848,0,0,1,0,0
ELLEA_984.5851,0,0,1,0,0
LLQDF_1021.5238,0,0,1,0,0
LLQDFMA_1021.5238,0,0,1,0,0
PLYGQALVD_1215.6876,0,1,0,0,0
EEAEDVANLTM_1703.8022,0,0,1,0,0
TYTNWG_1820.8560,0,0,1,0,0
NWESV_1207.5986,0,0,1,0,0
TAEEFY_1375.6290,0,0,1,0,0
ALQPA_1470.7328,0,0,1,0,0
EEAEDVANLTM_1703.7991,0,0,1,0,0
WTAEEFY_1375.6292,0,0,1,0,0
TPQCQQT_2281.0698,0,0,1,0,0
AVTTL_2281.0698,0,0,1,0,0
DLQLEFENA_1546.7622,0,0,1,0,0
EEFQELCVPS_1692.8006,0,0,1,0,0
LVNNL_1298.6914,0,0,1,0,0
LEEQTLQHEAQV_1965.9750,0,0,1,0,0
HEAQV_1965.9748,0,0,1,0,0
LTGLDP_1424.7406,0,0,1,0,0
FFGFD_759.3594,0,0,1,0,0
FLANF_897.4518,0,0,1,0,0
ADEDN_1959.8428,0,0,1,0,0
DTVMVDLAT_1361.6880,0,0,1,0,0
AANLQTV_1639.8318,0,0,1,0,0
SSYWVA_1631.7790,0,0,1,0,0
CPDCVTAD_1617.7259,0,0,1,0,0
LEEFS_1096.5007,0,0,1,0,0
YEGLTLDP_2070.9206,0,0,1,0,0
LPETQDLGVTV_1597.8710,0,0,1,0,0
GTLNV_1289.6148,0,0,1,0,0
NVDDHEYSV_1680.7532,0,0,1,0,0
YLQDMDL_1252.6114,0,0,1,0,0
AYTLSLLR_935.5434,0,1,0,0,0
LSVDSMF_982.4802,0,0,1,0,0
GAFDL_1367.7494,0,0,1,0,0
LLLGDS_1070.6338,0,0,0,0,1
GVVASATDET_1971.9718,0,0,1,0,0
VVASATDETP_1971.9718,0,0,1,0,0
SEVSADSLGDE_1623.7078,0,0,1,0,0
EVSADSLGDEW_1623.7078,0,0,1,0,0
LSDSLQTT_1725.8530,0,0,1,0,0
PAVLEGLAHH_1959.0336,0,1,0,0,0
AVLEGLAHHP_1959.0336,0,1,0,0,0
TANEMAD_1933.8720,0,0,1,0,0
ALSSP_1693.7740,0,0,1,0,0
VPVTV_1336.6660,0,0,1,0,0
LMFDLE_1109.5432,0,0,1,0,0
TEPAWE_1961.9031,0,0,1,0,0
GFTGT_1284.6278,0,0,1,0,0
EALYFL_1354.6854,0,0,1,0,0
MTFGNNPTAEAHL_1974.9342,0,0,1,0,0
DFSSTP_1524.7078,0,0,1,0,0
AAESAVALLAQ_1487.7657,0,0,1,0,0
EVSTENFV_1592.8022,0,0,1,0,0
EDVEE_1420.6750,0,1,0,0,0
FQLNSF_1254.6249,0,0,1,0,0
VEFQLNSFG_1254.6246,0,0,1,0,0
VSPLVTLE_1279.7498,0,1,0,0,0
QDEMAAQDEML_1720.7750,0,0,1,0,0
SHTAVL_2364.2031,0,1,0,0,0
VSPLVT_1279.7498,0,1,0,0,0
LLFQE_951.5180,0,0,0,0,1
LSTVDVL_1160.6128,0,0,1,0,0
STVDVLR_1160.6128,0,0,1,0,0
FADWL_991.4872,0,1,0,0,0
NNQVNLYF_1513.7290,0,0,1,0,0
NVNLN_1731.8902,0,0,1,0,0
LAFVT_1026.5494,0,0,1,0,0
DAESLT_1593.7744,0,0,1,0,0
WPVSM_1016.5104,0,0,1,0,0
ADPSPTLTW_1491.7650,0,0,1,0,0
SWDELL_1219.5824,0,0,1,0,0
LLGPL_1039.6284,0,0,1,0,0
DNAMMF_1495.6910,0,0,1,0,0
THNFVL_2057.0329,0,0,1,0,0
YDLLQLQ_1379.7120,0,0,1,0,0
AMMFT_1495.6927,0,0,1,0,0
TQGLTNAVVQ_1603.7736,0,0,1,0,0
SLNLLN_1512.8260,0,0,1,0,0
LLMSH_1483.7647,0,0,1,0,0
SATVL_1242.7298,0,0,1,0,0
HVLLA_1549.8613,0,0,1,0,0
SLNLLNQV_1512.8260,0,0,1,0,0
DFTNHN_2207.9654,0,0,1,0,0
LEAEGLLD_1271.6738,0,0,1,0,0
DPVHVLLAT_1549.8618,0,0,1,0,0
LSYEE_1641.8028,0,0,1,0,0
MEDLMLDV_1676.7701,0,0,1,0,0
LELVK_1284.7114,0,0,1,0,0
LELVK_1284.7129,0,0,1,0,0
GEDYSALLDN_1710.7828,0,0,1,0,0
EDYSALLDNG_1710.7828,0,0,1,0,0
SFFLE_1260.5772,0,0,1,0,0
GYSTVVM_1436.6736,0,0,1,0,0
EGSFFLE_1260.5772,0,0,1,0,0
FFLER_1260.5828,0,0,1,0,0
FVLVF_751.4632,0,0,1,0,0
QMVFYVL_1253.6829,0,0,1,0,0
SYPDV_1601.7458,0,0,1,0,0
DNAMMFTQ_1495.6910,0,0,1,0,0
LTDSV_1350.6654,0,0,1,0,0
EAMLK_1350.6654,0,0,1,0,0
TDSVG_1350.6654,0,0,1,0,0
LALDTLLN_1299.7400,0,0,0,1,0
LKPLPDLS_1522.8602,0,0,1,0,0
LDVEK_1522.8602,0,0,1,0,0
STVFY_1911.9276,0,1,0,0,0
SDASLAALL_1074.5912,0,0,1,0,0
ALSMS_1125.5846,0,0,1,0,0
LAALL_1074.5904,0,0,1,0,0
NAVLSV_1377.7246,0,0,1,0,0
LSSEYLT_1250.6866,0,0,1,0,0
ALDTLL_1299.7360,0,0,0,1,0
DMNNFQNQ_2169.9756,0,0,1,0,0
DPTLEVL_1368.7584,0,0,1,0,0
LSSEYL_1250.6866,0,0,1,0,0
MTEAEVL_1355.6202,0,0,1,0,0
VEYLQMLR_1178.6096,0,0,1,0,0
EALDLL_1358.7274,0,0,1,0,0
ALDLLA_1358.7274,0,0,1,0,0
TPTGFTV_1332.7386,0,0,1,0,0
ESTVVLTL_1287.7366,0,0,1,0,0
DVVYNA_1717.8998,0,0,0,0,1
MEGSLTFF_1086.5156,0,0,1,0,0
NSLLT_1345.6968,0,0,1,0,0
VALTYVL_1149.6386,0,0,1,0,0
YQNMPWFR_1140.5148,0,0,1,0,0
LALTGVDD_1420.7190,0,0,1,0,0
LNNEFVDS_1595.7940,0,0,1,0,0
TLDYYLL_1055.5666,0,0,1,0,0
LNNEFVDSV_1595.7940,0,0,1,0,0
TLLALL_798.5320,0,0,0,1,0
MQLAYF_1154.5914,0,0,1,0,0
LFLFD_937.5024,0,0,1,0,0
FGFYV_1371.6580,0,0,1,0,0
QAPLFF_1569.7574,0,0,1,0,0
EMDSESSVEELLK_1712.7791,0,0,1,0,0
ATETALTVLAEK_1530.8160,0,0,1,0,0
LFTAAY_1684.8570,0,0,1,0,0
QLFTAAY_1684.8570,0,0,1,0,0
WVAHFL_1270.6832,0,0,1,0,0
PWHALS_1474.6606,0,0,1,0,0
FTFDVL_967.5128,0,0,1,0,0
MTEPAWE_1961.9066,0,0,1,0,0
DLDCCYT_2093.7986,0,0,1,0,0
LAAYLA_1020.5794,0,0,1,0,0
LEVAQHL_1674.9420,0,0,1,0,0
LPDWA_997.5594,0,0,1,0,0
ANPVMV_1546.7906,0,0,1,0,0
LFVLN_1589.8936,0,0,1,0,0
PSVGL_1499.7818,0,0,1,0,0
LAYDSLS_1331.7434,0,0,1,0,0
VLECFVSD_1367.6346,0,0,1,0,0
VVHVM_2157.1090,0,0,1,0,0
YVVHV_2157.1090,0,0,1,0,0
LLVLEP_1710.9232,0,0,1,0,0
APLTEEL_1259.6504,0,0,1,0,0
LSYSTL_1178.6916,0,0,1,0,0
MLEEFS_1096.5006,0,0,1,0,0
LPALENL_1151.6648,0,0,1,0,0
LEEAK_2396.0978,0,0,1,0,0
VFENQ_1971.9916,0,0,1,0,0
FENQP_1971.9916,0,0,1,0,0
LSEQFTAMFR_1228.5892,0,0,0,0,1
LALTLL_1339.7826,0,0,1,0,0
TMYGL_1527.7747,0,0,1,0,0
TYGLGAALF_1497.7813,0,1,0,0,0
THYQLGLAY_1937.0056,0,0,1,0,0
LFNAEN_1341.7398,0,0,1,0,0
LQMTFNLY_1285.6478,0,0,1,0,0
LYDWF_969.4958,0,0,1,0,0
YTMTVLATDQ_2134.0474,0,0,1,0,0
TTYGL_1497.7804,0,1,0,0,0
MTFNLY_1285.6478,0,0,1,0,0
YMNEELFA_1909.8942,0,0,1,0,0
LLSNVDL_1213.7040,0,0,1,0,0
LLLTWA_2212.1724,0,0,1,0,0
ATYQQTAQLL_1725.9044,0,0,1,0,0
YLHELEV_1552.7668,0,0,1,0,0
DTWALQ_1363.6560,0,0,1,0,0
LHELEVF_1552.7680,0,0,1,0,0
NANDTD_2141.9474,0,0,1,0,0
ALTADE_2141.9474,0,0,1,0,0
LMVTF_1303.7218,0,0,1,0,0
GNAFFDLT_1400.6722,0,0,1,0,0
HVFYVDNLNALK_2093.0230,0,0,1,0,0
VFYVDNLNALK_2093.0230,0,0,1,0,0
TGNFAW_1636.7832,0,0,1,0,0
QDWSQTTLL_1565.7826,0,0,1,0,0
PFFLNT_2083.9928,0,0,1,0,0
AFFDL_1400.6702,0,0,1,0,0
EEVLLG_1140.6388,0,0,1,0,0
LVSTPFE_1250.6668,0,0,1,0,0
AYQLFDE_1353.6526,0,0,1,0,0
ALMTF_1285.6380,0,0,1,0,0
LVVEFTQESA_1587.8510,0,0,1,0,0
LPSLNTDL_1632.8478,0,0,1,0,0
SPELVNWL_1185.6390,0,0,1,0,0
LVNWLK_1185.6367,0,0,1,0,0
FTENAWT_1921.9166,0,0,1,0,0
NALLSV_1391.7402,0,0,1,0,0
SAAWS_2153.8621,0,0,1,0,0
PEEVLLG_1140.6388,0,0,1,0,0
MSDMALD_1384.6086,0,0,1,0,0
LVVEFT_1587.8510,0,0,1,0,0
MFNWL_936.4878,0,0,1,0,0
LPCVDELSY_1757.7769,0,0,1,0,0
LLQGDHTSNTAVLAC_2341.1895,0,0,1,0,0
ELNEFMVD_2393.1093,0,0,1,0,0
CVDELSY_1757.7769,0,0,1,0,0
GALAFSL_1480.7640,0,0,1,0,0
SYQLFVL_1196.6594,0,0,1,0,0
ELDTFLD_1294.6291,0,0,1,0,0
LDVLA_1032.5970,0,0,1,0,0
ELDTFLDDK_1294.6274,0,0,1,0,0
ESGFFGVA_1835.8868,0,0,1,0,0
EDLVDVK_1359.7312,0,1,0,0,0
QYFALVAA_1493.8236,0,0,1,0,0
FSLEDEE_1699.7596,0,0,1,0,0
LNAVSAMQ_1379.6856,0,0,1,0,0
VYYWSL_1297.6310,0,0,1,0,0
SPHEP_1855.0082,0,0,1,0,0
PNTLLFL_1360.7598,0,0,1,0,0
HNGNLTMDDLL_1695.8384,0,0,1,0,0
MDSNLEFLL_1321.6933,0,0,1,0,0
LESYLFN_1353.6932,0,0,1,0,0
LVDLEP_1614.8270,1,0,0,0,0
LFSDLV_1255.6639,0,0,1,0,0
LADFLK_1204.6434,0,0,1,0,0
NLPVFTSN_1345.6970,0,0,1,0,0
LYTDNTNANQYTLY_2158.0660,0,0,1,0,0
AYVVYDLSY_1812.8906,0,0,1,0,0
SFVLAALQS_1333.7344,0,0,1,0,0
DDAYDL_2392.0971,0,0,1,0,0
DAYDLA_2392.0971,0,0,1,0,0
LFLNNEFVDSVS_1595.7928,0,0,1,0,0
MMADED_1959.8398,0,0,1,0,0
VSNASC_2034.0089,0,0,1,0,0
SNASCT_2034.0089,0,0,1,0,0
PVLADLY_1336.7038,0,0,1,0,0
TPVLADLY_1336.7038,0,0,1,0,0
YQEFTDYL_1460.6826,0,0,1,0,0
LADLY_1336.7072,0,0,1,0,0
VLASM_1502.7874,0,1,0,0,0
LGSVTESLEAWK_1659.8464,0,0,1,0,0
ELGLSVLSHTD_2054.0798,0,0,1,0,0
QMVFYVL_1253.6844,0,0,1,0,0
YVVYDLS_1812.8906,0,0,1,0,0
ADAFDM_1184.5284,0,0,1,0,0
VFYVL_1253.6863,0,0,1,0,0
EMDSESSVEELLK_1712.7774,0,0,1,0,0
ALQAAEQYLDTQ_1833.8896,0,0,1,0,0
LPSLLAL_1705.0255,0,0,1,0,0
PLESLTCVELT_1529.8166,0,0,1,0,0
SASLALET_1337.6980,0,0,1,0,0
FQLAY_1352.7148,0,0,1,0,0
ANVLL_1254.7298,0,0,1,0,0
MVFYVL_1253.6844,0,0,1,0,0
FLNNEFVDSVS_1595.7936,0,0,1,0,0
FLNNEFVDS_1595.7936,0,0,1,0,0
DDLAW_1369.7346,0,0,1,0,0
TVELYAE_1642.7856,0,0,1,0,0
TVELYAEK_1642.7856,0,0,1,0,0
DPSELF_1654.7816,0,0,1,0,0
LANAS_1903.8236,0,0,1,0,0
ADLYDNEFT_1645.7624,0,0,1,0,0
ADLYD_1645.7624,0,0,1,0,0
GVFYGVTATAY_2099.9720,0,0,1,0,0
VFYGVTATAYP_2099.9720,0,0,1,0,0
GVELFTL_1291.7022,0,0,1,0,0
ELNEFMVD_2394.1131,0,1,0,0,0
APLWDEL_1397.7186,0,0,1,0,0
VFNSVDALP_1532.7624,0,0,1,0,0
LGALVVN_1592.9242,0,0,1,0,0
DEEDAAVELEN_1699.8524,0,0,1,0,0
LTLEEFL_991.5596,0,0,1,0,0
LEEFL_991.5587,0,0,1,0,0
SCLSFYYNMY_1826.7994,0,0,1,0,0
ELANASFESTEA_1903.8236,0,0,1,0,0
QLVMELDADVV_1697.8635,0,0,1,0,0
TFYDVAEL_1399.7214,0,0,1,0,0
EYLNNY_1876.8514,0,0,1,0,0
LPGFMLQ_1522.7852,0,0,1,0,0
NLYTV_1418.7878,0,0,1,0,0
LLDANALLL_1325.7918,0,0,1,0,0
DPSNDLTF_1404.6852,0,0,1,0,0
LLDLNEVQ_1511.8306,0,0,1,0,0
HLYTQDQLAELLE_1961.9824,0,0,1,0,0
TMYGLGAALF_1527.7761,0,0,1,0,0
SSTLDYALD_1610.7414,0,0,1,0,0
FMYPA_1559.8036,0,0,1,0,0
EYLNNYY_1876.8514,0,0,1,0,0
TDPELFLP_1452.7976,0,0,1,0,0
SPTQADLQALQQEY_2322.1266,0,0,1,0,0
PTQADLQALQQEYG_2322.1266,0,0,1,0,0
LDGSLL_1055.6346,0,0,1,0,0
MTANLV_1640.8147,0,0,1,0,0
LNNEFVD_1595.7952,0,0,1,0,0
LNELE_1927.9480,0,0,1,0,0
ESTLEAL_1500.8014,0,0,1,0,0
DLNELEVALDA_1927.9514,0,0,1,0,0
SALELD_1533.7878,0,0,1,0,0
TDPELFLPPR_1452.7976,0,0,1,0,0
SDVWE_1601.8068,0,0,1,0,0
GEMEDLMLD_1676.7744,0,0,1,0,0
SAEELS_1554.7582,0,0,1,0,0
MVLNK_1554.7582,0,0,1,0,0
SLNPAA_1747.8760,0,0,1,0,0
LLGTVLSV_1301.7700,0,0,1,0,0
NSLAVL_1315.7584,0,0,1,0,0
LLGDENA_1614.7628,0,0,1,0,0
VYTPL_1707.9106,0,0,1,0,0
YVLLLFAR_1546.8618,0,0,1,0,0
SCDLLESAFF_1643.7618,0,0,1,0,0
SCDLLESAF_1643.7618,0,0,1,0,0
WWNTYLFR_1184.5774,0,0,1,0,0
SLYNA_1573.8616,0,0,1,0,0
EQAAQS_1764.9024,0,0,1,0,0
VFDAVDAV_1503.7352,0,0,1,0,0
FDAVDAV_1503.7352,0,0,1,0,0
TYLFR_1184.5777,0,0,1,0,0
VTVFELLE_1278.7080,0,0,1,0,0
FDLSMLY_1401.6863,0,0,1,0,0
LFGPVQQLL_1399.7708,0,0,1,0,0
PPLDDLL_1616.8890,0,0,1,0,0
FALFS_1528.7352,0,0,1,0,0
STDAD_1528.7352,0,0,1,0,0
FTDLL_1348.7368,0,0,1,0,0
EYLVD_1947.8784,0,0,1,0,0
FGYADAFLTVV_1357.7018,0,0,1,0,0
YAWYST_1989.8856,0,0,1,0,0
EGFFLKPT_2846.3342,0,0,1,0,0
NTGQVEVL_1782.0006,0,0,1,0,0
LVMEL_1697.8668,0,0,1,0,0
LQDLTVEEL_1576.8382,0,1,0,0,0
ALDDVETVLW_1663.8156,0,0,1,0,0
VFNAVDALP_1516.7674,0,0,1,0,0
QVEVL_1782.0006,0,0,1,0,0
LNVNEVFC_1361.7104,0,0,1,0,0
VDSSTM_1480.7576,0,0,1,0,0
FSLNSL_1918.9752,0,0,1,0,0
FSLNSLQSVAS_1918.9752,0,0,1,0,0
AYAWYST_1989.8856,0,0,1,0,0
SDLFAL_1302.7278,0,0,1,0,0
EFQSGDLWEVR_1640.7460,0,0,1,0,0
FEELVA_1261.6300,0,0,1,0,0
YDLLGDD_1957.9398,0,0,1,0,0
FEELV_1261.6300,0,0,1,0,0
EAFDVLGFTQDEK_1826.8562,0,0,1,0,0
FPSFEEE_1457.6818,0,0,1,0,0
DWLTLGHND_1813.9082,0,0,1,0,0
DPFTLK_1839.0522,0,0,1,0,0
DLNELELALD_1925.9756,0,0,1,0,0
FPSFEEEF_1457.6818,0,0,1,0,0
DLNELELALDA_1925.9756,0,0,1,0,0
LSYSS_2077.0492,0,0,1,0,0
VEWEL_2077.0492,0,0,1,0,0
EDLQAQLQNL_1712.8960,0,0,1,0,0
EDLQAQLQ_1712.8960,0,0,1,0,0
DWLTL_1813.9108,0,0,1,0,0
YYYLN_2060.0286,0,0,1,0,0
ETGWLT_2060.0286,0,0,1,0,0
MTANLVNGMF_1640.8160,0,0,1,0,0
ELLLVDPF_1519.8060,0,0,1,0,0
PPVFLQE_2401.2134,0,0,1,0,0
FGTNNNEVYDDLMTS_2302.0528,0,0,1,0,0
MAALQVLLDEK_1399.7730,0,0,1,0,0
DWLTL_1813.9098,0,0,1,0,0
DYFVDD_1358.6776,0,0,1,0,0
PFLTWGY_1647.8668,0,0,1,0,0
AAELGLVTS_1987.0095,0,0,1,0,0
LQMLEGFSAE_1469.7218,0,0,1,0,0
EYEQYV_1936.9146,0,0,1,0,0
LPLDGDLFCFTR_1496.7320,0,0,1,0,0
TPWLD_2214.0024,0,0,1,0,0
VLATLL_1945.0130,0,1,0,0,0
LFSDLVYLM_1255.6640,0,0,1,0,0
VFNAVDALP_1502.7518,0,0,1,0,0
LLSDLLQN_1428.7790,0,0,1,0,0
LLSDLLQ_1428.7790,0,0,1,0,0
NSTALQEL_1856.9345,0,0,0,0,1
VLVADLT_1357.7376,0,0,1,0,0
PLDGDLFCF_1496.7320,0,0,1,0,0
LGYSDV_1975.9504,0,0,1,0,0
SHLAW_2734.2771,0,0,1,0,0
DSNMLQ_1742.8638,0,0,1,0,0
VLATLL_1945.0164,0,1,0,0,0
VLATLLQ_1945.0164,0,1,0,0,0
PLDGDLFAF_1464.7612,0,1,0,0,0
ELNEFMVD_2394.1124,0,1,0,0,0
LDLLDC_1173.6440,0,1,0,0,0
YESVGV_2330.1782,0,0,1,0,0
SFSNVLH_2552.2854,0,0,1,0,0
DWLTLGHND_1825.9472,0,0,1,0,0
DLDPFVNSWEVD_1948.9376,0,0,1,0,0
YAANFLWP_1255.6394,0,0,1,0,0
AELGLV_1987.0134,0,0,1,0,0
FFLPETLL_1269.7018,0,0,1,0,0
LDMDY_1951.8111,0,0,1,0,0
FDLDY_1912.9054,0,0,1,0,0
FDLDYNT_1912.9054,0,0,1,0,0
YLDNPV_2095.9902,0,0,1,0,0
TGFSFT_2095.9902,0,0,1,0,0
YAANFLWPFK_1255.6394,0,0,1,0,0
DPEGVP_1826.9316,0,0,1,0,0
AELTSLVDQL_1656.9282,0,0,1,0,0
DVQLVQS_2562.2916,0,0,1,0,0
DPLDA_1822.9100,0,0,1,0,0
AMVLATLL_1945.0117,0,1,0,0,0
SLSTLLDLD_1402.7686,0,0,1,0,0
STALQEL_1856.9376,0,0,0,0,1
SLSTLLDL_1402.7686,0,0,1,0,0
LSTLLDLD_1402.7686,0,0,1,0,0
NSTALQEL_1856.9376,0,0,0,0,1
VFLDS_2551.2498,0,0,1,0,0
EFTVD_2551.2498,0,0,1,0,0
STLQYLE_2024.9478,0,0,1,0,0
AELTSLVDQLTL_1656.9282,0,0,1,0,0
LDGLLTNNYFLK_1666.8926,0,0,1,0,0
LLMDWFE_1339.6130,0,0,1,0,0
ADLAVACNLLQL_1861.9970,0,0,1,0,0
LAGSLL_1943.0362,0,0,1,0,0
FEELSK_2115.1598,0,0,1,0,0
ALAMLSL_1588.8304,0,1,0,0,0
VSSLDVLF_1263.7058,0,0,1,0,0
AAPLF_1510.8188,0,0,1,0,0
AASSS_2493.1576,0,0,1,0,0
VNELFCD_1433.7318,0,0,1,0,0
CEELL_2316.1007,0,0,0,0,1
ASALSDLLSA_1389.7346,0,0,1,0,0
SLLEMNLEK_1358.7474,0,0,1,0,0
EELYLFSLP_1564.8766,0,0,1,0,0
LSLLEMNLEK_1358.7474,0,0,1,0,0
EFLFA_1456.7600,0,0,1,0,0
NVCNLA_2373.0875,0,0,1,0,0
VCNLAW_2373.0875,0,0,1,0,0
ALDFE_2492.1386,0,0,0,0,1
DDLVF_2305.0438,0,0,1,0,0
ELNEFLFAFK_1456.7600,0,0,1,0,0
SYMLNDELLQS_1913.8848,0,0,1,0,0
AASSS_2549.1600,0,0,1,0,0
LFEYLFK_1170.6694,0,0,1,0,0
LFEYL_1170.6743,0,0,1,0,0
LLEALDALLPP_1392.8230,0,0,1,0,0
VLLTGVDQSTN_2235.1538,0,0,1,0,0
LLEALD_1392.8230,0,0,1,0,0
VYDVLDLFDLSP_1907.9656,0,0,1,0,0
EDLAA_1956.0054,0,0,1,0,0
HFVYDVLDLFDLSP_1907.9656,0,0,1,0,0
LLWLLQ_1289.6996,0,0,1,0,0
LGPFT_1496.8390,0,1,0,0,0
YLGPFT_1496.8390,0,1,0,0,0
LPLSMF_1494.7982,0,0,1,0,0
LPLSMFSCL_1494.7982,0,0,1,0,0
LPLSMFSCLPK_1494.7982,0,0,1,0,0
LEDQLLADDWDYL_2305.1274,0,0,1,0,0
EDLQAD_2033.9758,0,0,1,0,0
PFLSTFACFL_1601.8292,0,0,1,0,0
PFLSTFACFLTR_1601.8292,0,0,1,0,0
PVDYFD_1774.8334,0,0,1,0,0
LLQNLVS_1849.0098,0,0,1,0,0
FLSTF_1601.8292,0,0,1,0,0
PVDYFDWGFF_1774.8334,0,0,1,0,0
VLATLL_1945.0105,0,1,0,0,0
AMVLATLLQV_1945.0105,0,1,0,0,0
AMVLATLLQV_1945.0107,0,1,0,0,0
AMVLATLLQVG_1945.0104,0,1,0,0,0
MVLATLL_1945.0204,0,1,0,0,0
VLATLLQ_1945.0204,0,1,0,0,0
TTTALFDLLNA_2134.1256,0,0,1,0,0
TTALFDLLNAA_2134.1256,0,0,1,0,0
NDDQVDELL_1328.6566,0,0,1,0,0
VLATLL_1930.9961,0,0,1,0,0
LSLLS_1831.0436,0,0,1,0,0
LEALL_1831.0436,0,0,1,0,0
MVLATLL_1930.9942,0,0,1,0,0
